Dataset,LengthBin,AccuracyDelta,RuntimeSpeedup,Comparison,SeriesLength
ACSF1,Long,-0.04700000000000004,1.025625653368048,approx_vs_exact,1460
AconityMINIPrinterLarge,Medium-short,-0.0012950450450450735,1.003792333244851,approx_vs_exact,300
AconityMINIPrinterSmall,Medium-short,0.00171232876712335,1.089566851380994,approx_vs_exact,300
Adiac,Medium-short,-0.006564364876385342,1.1107489162831439,approx_vs_exact,176
AllGestureWiimoteX,Medium-long,-0.010904761904761862,1.0521304178856892,approx_vs_exact,500
AllGestureWiimoteY,Medium-long,0.006523809523809487,1.041767684172138,approx_vs_exact,500
AllGestureWiimoteZ,Medium-long,0.0006190476190475191,1.0460067403554132,approx_vs_exact,500
ArrowHead,Medium-short,-0.005142857142857227,1.1521563882096255,approx_vs_exact,251
AsphaltObstaclesUni,Long,0.00673486786018751,1.082046222124935,approx_vs_exact,736
AsphaltPavementTypeUni,Long,-0.0003472222222222765,1.1443340528462864,approx_vs_exact,2371
AsphaltRegularityUni,Long,0.0007545494895694338,1.173545655848921,approx_vs_exact,4201
BME,Short,0.0,0.9999387530528588,approx_vs_exact,128
Beef,Medium-long,-0.01666666666666672,0.9086867682533766,approx_vs_exact,470
BeetleFly,Medium-long,-0.023333333333333317,0.8280258377342833,approx_vs_exact,512
BirdChicken,Medium-long,0.01333333333333342,0.8241688288969098,approx_vs_exact,512
CBF,Short,0.003851851851851884,1.8427210264284408,approx_vs_exact,128
Car,Medium-long,-0.03833333333333322,0.9716327955783639,approx_vs_exact,577
Chinatown,Short,-0.00019436345966949986,1.0757959987944858,approx_vs_exact,24
ChlorineConcentration,Medium-short,0.012656250000000036,1.0517013539708422,approx_vs_exact,166
CinCECGTorso,Long,0.002318840579710213,1.9701719563662126,approx_vs_exact,1639
Coffee,Medium-short,-0.00952380952380949,0.8261512101006736,approx_vs_exact,286
Colposcopy,Medium-short,-0.0036303630363035966,1.042259888423654,approx_vs_exact,180
Computers,Medium-long,-0.0006666666666665932,0.9409356941301726,approx_vs_exact,720
Covid3Month_disc,Short,0.007650273224043769,0.9440354623880004,approx_vs_exact,84
CricketX,Medium-short,-0.007264957264957128,1.0214816042985064,approx_vs_exact,300
CricketY,Medium-short,0.003247863247863192,1.0081134628637325,approx_vs_exact,300
CricketZ,Medium-short,-0.005811965811965858,1.0212700782084112,approx_vs_exact,300
Crop,Short,0.00071825396825409,0.9173383306009251,approx_vs_exact,46
DiatomSizeReduction,Medium-long,0.015250544662309351,0.9211536875036027,approx_vs_exact,345
DistalPhalanxOutlineAgeGroup,Short,-0.0014388489208632116,1.1040329521473506,approx_vs_exact,80
DistalPhalanxOutlineCorrect,Short,0.0,1.1313840571378386,approx_vs_exact,80
DistalPhalanxTW,Short,0.003597122302158362,1.0960971774553143,approx_vs_exact,80
DodgerLoopDay,Medium-short,-0.015151515151515249,0.9951797608128232,approx_vs_exact,288
DodgerLoopGame,Medium-short,0.006299212598425252,0.9749839523620218,approx_vs_exact,288
DodgerLoopWeekend,Medium-short,-0.0002645502645501896,0.9777374266494655,approx_vs_exact,288
ECG200,Short,0.0,0.995834381329427,approx_vs_exact,96
ECG5000,Short,0.00019999999999997797,1.1173719808236076,approx_vs_exact,140
ECGFiveDays,Short,0.0019744483159118698,1.6978226920793453,approx_vs_exact,136
EOGHorizontalSignal,Long,-0.040147329650092156,1.0273486639083906,approx_vs_exact,1250
EOGVerticalSignal,Long,-0.009300184162062686,1.0667907083229928,approx_vs_exact,1250
Earthquakes,Medium-long,-0.012230215827338076,0.967596986906413,approx_vs_exact,512
ElectricDeviceDetection,Medium-short,0.0005307855626327518,0.9373155221544129,approx_vs_exact,256
ElectricDevices,Short,-0.007556304845891204,0.9281974797749268,approx_vs_exact,96
EthanolLevel,Long,0.006466666666666621,1.10661048816989,approx_vs_exact,1751
FaceAll,Short,-0.003964497041420212,1.1112115225525423,approx_vs_exact,131
FaceFour,Medium-long,-0.001136363636363713,0.9279994815362795,approx_vs_exact,350
FacesUCR,Short,0.0035121951219512226,1.0334160263647947,approx_vs_exact,131
FiftyWords,Medium-short,7.326007326002859e-05,1.0235137550167723,approx_vs_exact,270
Fish,Medium-long,-0.003619047619047522,1.073597034825298,approx_vs_exact,463
FloodModeling1_disc,Medium-short,0.004950495049504955,1.0755681694661994,approx_vs_exact,266
FloodModeling2_disc,Medium-short,0.0,1.1053291240111132,approx_vs_exact,266
FloodModeling3_disc,Medium-short,0.007065217391304279,1.0946492171213815,approx_vs_exact,266
FordA,Medium-long,0.0010101010101009056,1.0635258977056326,approx_vs_exact,500
FordB,Medium-long,0.0018106995884774602,1.0293538151987087,approx_vs_exact,500
FreezerRegularTrain,Medium-short,-0.00016374269005847708,1.1817707104748112,approx_vs_exact,301
FreezerSmallTrain,Medium-short,-0.010011695906432805,1.1498198213543107,approx_vs_exact,301
GestureMidAirD1,Medium-long,-0.01717948717948714,1.0793846140226104,approx_vs_exact,360
GestureMidAirD2,Medium-long,0.009230769230769154,1.066413276559225,approx_vs_exact,360
GestureMidAirD3,Medium-long,-0.002307692307692344,1.0690743658998576,approx_vs_exact,360
GesturePebbleZ1,Medium-long,-0.034302325581395565,1.0485686293362357,approx_vs_exact,455
GesturePebbleZ2,Medium-long,-0.03839662447257375,1.0330637637955409,approx_vs_exact,455
GunPoint,Medium-short,-0.000888888888888717,1.0454760117402118,approx_vs_exact,150
GunPointAgeSpan,Medium-short,-0.0007383966244725038,1.20631067734471,approx_vs_exact,150
GunPointMaleVersusFemale,Medium-short,0.00031645569620253333,1.2663921603498545,approx_vs_exact,150
GunPointOldVersusYoung,Medium-short,0.0,1.3719268957631954,approx_vs_exact,150
Ham,Medium-long,0.019365079365079474,1.0809812199154112,approx_vs_exact,431
HandOutlines,Long,-0.006846846846846888,1.0705522241854035,approx_vs_exact,2709
Haptics,Long,-0.01406926406926401,1.048179944892942,approx_vs_exact,1092
Herring,Medium-long,0.004687499999999956,1.0008363753397758,approx_vs_exact,512
HouseTwenty,Long,-0.03445378151260503,0.9934867382453592,approx_vs_exact,2000
InlineSkate,Long,0.019939393939393923,1.2178351197914288,approx_vs_exact,1882
InsectEPGRegularTrain,Medium-long,0.0,1.1142870598549743,approx_vs_exact,601
InsectEPGSmallTrain,Medium-long,0.0,1.0202095021265276,approx_vs_exact,601
InsectWingbeatSound,Medium-short,-0.009023569023569045,1.0762275988510428,approx_vs_exact,256
ItalyPowerDemand,Short,-9.718172983463891e-05,1.3154058982698582,approx_vs_exact,24
KeplerLightCurves,Long,0.011194653299916535,1.1210036283093974,approx_vs_exact,4767
LargeKitchenAppliances,Medium-long,-0.04479999999999995,0.9096735891807417,approx_vs_exact,720
Lightning2,Medium-long,0.033879781420764976,1.0301917932576852,approx_vs_exact,637
Lightning7,Medium-short,0.014155251141552472,1.0053836697697265,approx_vs_exact,319
Mallat,Long,0.009793887704335424,1.629053138043571,approx_vs_exact,1024
Meat,Medium-long,0.0005555555555555314,0.9994811291511261,approx_vs_exact,448
MedicalImages,Short,0.0025000000000000577,1.1983628532967678,approx_vs_exact,99
MelbournePedestrian,Short,-0.00022998418858688474,1.3043255316369988,approx_vs_exact,24
MiddlePhalanxOutlineAgeGroup,Short,-0.001948051948051921,1.090453075543487,approx_vs_exact,80
MiddlePhalanxOutlineCorrect,Short,-0.00045819014891179677,1.1274179755618725,approx_vs_exact,80
MiddlePhalanxTW,Short,0.0034632034632033903,1.0680471420869564,approx_vs_exact,80
MixedShapesRegularTrain,Long,-0.012041237113402103,1.1871786362470165,approx_vs_exact,1024
MixedShapesSmallTrain,Long,-0.01712714776632307,1.4921252454520704,approx_vs_exact,1024
MoteStrain,Short,-0.036448349307774186,1.868981289899014,approx_vs_exact,84
NonInvasiveFetalECGThorax1,Long,0.0037828668363021345,1.1718421839974167,approx_vs_exact,750
NonInvasiveFetalECGThorax2,Long,-0.0032569974554705894,1.1618695718437475,approx_vs_exact,750
OSULeaf,Medium-long,-0.007438016528925617,1.0854224622467776,approx_vs_exact,427
OliveOil,Medium-long,0.012222222222222245,0.899940403636697,approx_vs_exact,570
PLAID,Long,-0.007324643078833071,1.055660224101859,approx_vs_exact,1345
PhalangesOutlinesCorrect,Short,0.0004662004662003838,1.1503918821076213,approx_vs_exact,80
PhoneHeartbeatSound,Long,0.0012820512820512775,1.1047724420085683,approx_vs_exact,3053
Phoneme,Long,-0.003164556962025389,1.1348788718710676,approx_vs_exact,1024
PickupGestureWiimoteZ,Medium-long,0.006000000000000005,0.9628914050603984,approx_vs_exact,361
PigAirwayPressure,Long,-0.046474358974358976,1.0135983625003857,approx_vs_exact,2000
PigArtPressure,Long,-0.003685897435897423,1.0624036356102031,approx_vs_exact,2000
PigCVP,Long,-0.0017628205128205066,1.0589561806179608,approx_vs_exact,2000
Plane,Short,0.0,1.0271576128675186,approx_vs_exact,144
PowerCons,Short,0.002592592592592702,1.1537261996820718,approx_vs_exact,144
ProximalPhalanxOutlineAgeGroup,Short,0.0014634146341463428,1.121181604119991,approx_vs_exact,80
ProximalPhalanxOutlineCorrect,Short,-0.001832760595647187,1.137274491238164,approx_vs_exact,80
ProximalPhalanxTW,Short,-0.006504065040650375,1.1219881130738818,approx_vs_exact,80
RefrigerationDevices,Medium-long,-0.032888888888888745,0.9430109519700755,approx_vs_exact,720
Rock,Long,0.01533333333333331,1.1456887762635921,approx_vs_exact,2844
ScreenType,Medium-long,-0.013333333333333308,0.9182413788489369,approx_vs_exact,720
SemgHandGenderCh2,Long,-0.00477777777777777,1.2482444077031858,approx_vs_exact,1500
SemgHandMovementCh2,Long,0.017185185185185192,1.1261964778430464,approx_vs_exact,1500
SemgHandSubjectCh2,Long,-0.002666666666666595,1.1995054072535405,approx_vs_exact,1500
ShakeGestureWiimoteZ,Medium-long,-0.01733333333333331,0.9710759351053773,approx_vs_exact,385
ShapeletSim,Medium-long,-0.15833333333333321,0.8864245588248609,approx_vs_exact,500
ShapesAll,Medium-long,-0.01588888888888884,1.029420833115081,approx_vs_exact,512
SharePriceIncrease,Short,0.0024499654934437842,1.1846329097895896,approx_vs_exact,60
SmallKitchenAppliances,Medium-long,0.004266666666666752,0.8347430442626083,approx_vs_exact,720
SmoothSubspace,Short,-0.0013333333333332975,1.0486603799647927,approx_vs_exact,15
SonyAIBORobotSurface1,Short,0.017415418746533518,1.3937487467200487,approx_vs_exact,70
SonyAIBORobotSurface2,Short,-6.995452955582682e-05,1.579007255291397,approx_vs_exact,65
StarLightCurves,Long,-0.002157196049862309,1.2648905307202998,approx_vs_exact,1024
Strawberry,Medium-short,-0.00045045045045044585,1.1043893626550971,approx_vs_exact,235
SwedishLeaf,Short,-0.0077866666666667195,1.2224921812152232,approx_vs_exact,128
Symbols,Medium-long,0.018760469011725234,1.1253305253724735,approx_vs_exact,398
SyntheticControl,Short,0.0020000000000000018,1.227728623874872,approx_vs_exact,60
ToeSegmentation1,Medium-short,-0.009210526315789447,1.1557301099420547,approx_vs_exact,277
ToeSegmentation2,Medium-long,-0.015128205128205119,1.0576674844506209,approx_vs_exact,343
Tools,Long,0.007960199004975133,1.0384159114033746,approx_vs_exact,2926
Trace,Medium-short,0.0,1.1370516262373414,approx_vs_exact,275
TwoLeadECG,Short,-0.007726075504828844,1.813763885953373,approx_vs_exact,82
TwoPatterns,Short,-0.0043999999999999595,1.0582524984259984,approx_vs_exact,128
UMD,Medium-short,0.008796296296296302,1.0483527143165927,approx_vs_exact,150
UWaveGestureLibraryAll,Long,-0.0004652894100130034,1.1378172574694028,approx_vs_exact,945
UWaveGestureLibraryX,Medium-short,-0.01189279731993309,1.043391288840769,approx_vs_exact,315
UWaveGestureLibraryY,Medium-short,-0.007305043737204531,1.035556988080403,approx_vs_exact,315
UWaveGestureLibraryZ,Medium-short,-0.014935790061418208,1.0439308028077268,approx_vs_exact,315
Wafer,Medium-short,-0.0011572571922994213,0.8928087445203595,approx_vs_exact,152
Wine,Medium-short,-0.011111111111111183,0.9627549810152818,approx_vs_exact,234
WordSynonyms,Medium-short,0.00015673981191222097,1.0552144265550596,approx_vs_exact,270
Worms,Long,-0.03463203463203479,1.0222855705852578,approx_vs_exact,900
WormsTwoClass,Long,-0.0012987012987013546,1.0374254565007064,approx_vs_exact,900
Yoga,Medium-long,-0.002288888888888785,1.1165516151319053,approx_vs_exact,426
