Dataset,Estimator,Accuracy,LengthBin,SeriesLength,TransformRuntime
ACSF1,moment_quant_approx,0.7616666666666667,Long,1460,0.1372196249976695
ACSF1,moment_quant_exact,0.8086666666666668,Long,1460,0.1848886240004502
ACSF1,quant,0.8086666666666668,Long,1460,0.3244212490026256
AconityMINIPrinterLarge,moment_quant_approx,0.942652027027027,Medium-short,300,0.4002020830012043
AconityMINIPrinterLarge,moment_quant_exact,0.9439470720720721,Medium-short,300,0.5136867919973156
AconityMINIPrinterLarge,quant,0.9439470720720721,Medium-short,300,0.911237999003788
AconityMINIPrinterSmall,moment_quant_approx,0.9771689497716896,Medium-short,300,0.1290689170018594
AconityMINIPrinterSmall,moment_quant_exact,0.9754566210045662,Medium-short,300,0.1935623760000452
AconityMINIPrinterSmall,quant,0.9754566210045662,Medium-short,300,0.2486817079989123
Adiac,moment_quant_approx,0.8124467178175618,Medium-short,176,0.06662020799922161
Adiac,moment_quant_exact,0.8190110826939472,Medium-short,176,0.17359712499455782
Adiac,quant,0.8190110826939472,Medium-short,176,0.1141244999998889
AllGestureWiimoteX,moment_quant_approx,0.6705238095238095,Medium-long,500,0.18920045800041402
AllGestureWiimoteX,moment_quant_exact,0.6814285714285714,Medium-long,500,0.2451460839984065
AllGestureWiimoteX,quant,0.6814285714285714,Medium-long,500,0.45539870799984783
AllGestureWiimoteY,moment_quant_approx,0.7044761904761905,Medium-long,500,0.1964612500014481
AllGestureWiimoteY,moment_quant_exact,0.697952380952381,Medium-long,500,0.2454378330003236
AllGestureWiimoteY,quant,0.697952380952381,Medium-long,500,0.46672454199870117
AllGestureWiimoteZ,moment_quant_approx,0.6635238095238095,Medium-long,500,0.1929472920019179
AllGestureWiimoteZ,moment_quant_exact,0.662904761904762,Medium-long,500,0.24171033300081018
AllGestureWiimoteZ,quant,0.662904761904762,Medium-long,500,0.4609868330007884
ArrowHead,moment_quant_approx,0.84,Medium-short,251,0.045519124996644594
ArrowHead,moment_quant_exact,0.8451428571428572,Medium-short,251,0.0626111659985326
ArrowHead,quant,0.8451428571428572,Medium-short,251,0.0766049590019974
AsphaltObstaclesUni,moment_quant_approx,0.8499573742540495,Long,736,0.2183547499989799
AsphaltObstaclesUni,moment_quant_exact,0.843222506393862,Long,736,0.3144955409989051
AsphaltObstaclesUni,quant,0.843222506393862,Long,736,0.5906441659972188
AsphaltPavementTypeUni,moment_quant_approx,0.9360479797979798,Long,2371,1.756397957997251
AsphaltPavementTypeUni,moment_quant_exact,0.9363952020202021,Long,2371,3.8665098340024997
AsphaltPavementTypeUni,quant,0.9363952020202021,Long,2371,6.980037748999166
AsphaltRegularityUni,moment_quant_approx,0.9897026187305814,Long,4201,1.8372776260002865
AsphaltRegularityUni,moment_quant_exact,0.988948069241012,Long,4201,4.968948916000954
AsphaltRegularityUni,quant,0.988948069241012,Long,4201,9.286880041003315
BME,moment_quant_approx,1.0,Short,128,0.0435909159969014
BME,moment_quant_exact,1.0,Short,128,0.0372827499995764
BME,quant,1.0,Short,128,0.051553291999880305
Beef,moment_quant_approx,0.7677777777777778,Medium-long,470,0.053188834001048096
Beef,moment_quant_exact,0.7844444444444445,Medium-long,470,0.0303665420033211
Beef,quant,0.7844444444444445,Medium-long,470,0.0658578750008018
BeetleFly,moment_quant_approx,0.85,Medium-long,512,0.0511413750027713
BeetleFly,moment_quant_exact,0.8733333333333333,Medium-long,512,0.022650083003099897
BeetleFly,quant,0.8733333333333333,Medium-long,512,0.0596172510013274
BirdChicken,moment_quant_approx,0.9600000000000001,Medium-long,512,0.051185832999181
BirdChicken,moment_quant_exact,0.9466666666666667,Medium-long,512,0.0222407490036857
BirdChicken,quant,0.9466666666666667,Medium-long,512,0.0585055420015123
CBF,moment_quant_approx,0.9954074074074074,Short,128,0.0781924580041959
CBF,moment_quant_exact,0.9915555555555555,Short,128,0.1914743339984852
CBF,quant,0.9915555555555555,Short,128,0.1091952090027915
Car,moment_quant_approx,0.8555555555555556,Medium-long,577,0.0709325829993757
Car,moment_quant_exact,0.8938888888888888,Medium-long,577,0.0671691240022482
Car,quant,0.8938888888888888,Medium-long,577,0.09225570800117561
Chinatown,moment_quant_approx,0.9756073858114674,Short,24,0.0138156250031897
Chinatown,moment_quant_exact,0.9758017492711369,Short,24,0.015168499998253501
Chinatown,quant,0.9753158406219631,Short,24,0.012431708000804
ChlorineConcentration,moment_quant_approx,0.7605902777777778,Medium-short,166,0.2675496250012656
ChlorineConcentration,moment_quant_exact,0.7479340277777777,Medium-short,166,0.3883871239995642
ChlorineConcentration,quant,0.7479340277777777,Medium-short,166,0.504885499998636
CinCECGTorso,moment_quant_approx,0.9757246376811595,Long,1639,0.717075125001429
CinCECGTorso,moment_quant_exact,0.9734057971014493,Long,1639,1.6595741670025743
CinCECGTorso,quant,0.9734057971014493,Long,1639,2.65929370899903
Coffee,moment_quant_approx,0.9904761904761905,Medium-short,286,0.0494731250000768
Coffee,moment_quant_exact,1.0,Medium-short,286,0.0195362919985199
Coffee,quant,1.0,Medium-short,286,0.0543079580020275
Colposcopy,moment_quant_approx,0.4191419141914191,Medium-short,180,0.0388016249999054
Colposcopy,moment_quant_exact,0.4227722772277227,Medium-short,180,0.051614790998428195
Colposcopy,quant,0.4227722772277227,Medium-short,180,0.0657899170037125
Computers,moment_quant_approx,0.8373333333333334,Medium-long,720,0.1565626240007985
Computers,moment_quant_exact,0.838,Medium-long,720,0.1289517499972134
Computers,quant,0.8378666666666666,Medium-long,720,0.2117979169997851
Covid3Month_disc,moment_quant_approx,0.6289617486338799,Short,84,0.0380920419993343
Covid3Month_disc,moment_quant_exact,0.6213114754098361,Short,84,0.0300918749999254
Covid3Month_disc,quant,0.6213114754098361,Short,84,0.0411695409966341
CricketX,moment_quant_approx,0.7572649572649574,Medium-short,300,0.1135074989979329
CricketX,moment_quant_exact,0.7645299145299145,Medium-short,300,0.11529579100169929
CricketX,quant,0.7645299145299145,Medium-short,300,0.20858287399823888
CricketY,moment_quant_approx,0.7729059829059829,Medium-short,300,0.1178307920017686
CricketY,moment_quant_exact,0.7696581196581197,Medium-short,300,0.114857666001626
CricketY,quant,0.7696581196581197,Medium-short,300,0.2113502499996684
CricketZ,moment_quant_approx,0.7835897435897435,Medium-short,300,0.11139204299979599
CricketZ,moment_quant_exact,0.7894017094017094,Medium-short,300,0.11452033300156461
CricketZ,quant,0.7894017094017094,Medium-short,300,0.2090920829978131
Crop,moment_quant_approx,0.7773154761904763,Short,46,1.0105357079992245
Crop,moment_quant_exact,0.7765972222222222,Short,46,0.3345711250003659
Crop,quant,0.7761607142857143,Short,46,0.5168100000009872
DiatomSizeReduction,moment_quant_approx,0.9315904139433552,Medium-long,345,0.07651174900092869
DiatomSizeReduction,moment_quant_exact,0.9163398692810458,Medium-long,345,0.0627754170018306
DiatomSizeReduction,quant,0.9163398692810458,Medium-long,345,0.11400291699828799
DistalPhalanxOutlineAgeGroup,moment_quant_approx,0.8093525179856116,Short,80,0.0464201249997131
DistalPhalanxOutlineAgeGroup,moment_quant_exact,0.8107913669064748,Short,80,0.0870997490019362
DistalPhalanxOutlineAgeGroup,quant,0.8107913669064748,Short,80,0.0535747489957429
DistalPhalanxOutlineCorrect,moment_quant_approx,0.8351449275362319,Short,80,0.0582682919994112
DistalPhalanxOutlineCorrect,moment_quant_exact,0.8351449275362319,Short,80,0.1390972500012139
DistalPhalanxOutlineCorrect,quant,0.8351449275362319,Short,80,0.0649577920012234
DistalPhalanxTW,moment_quant_approx,0.7103117505995205,Short,80,0.0463689999996858
DistalPhalanxTW,moment_quant_exact,0.7067146282973621,Short,80,0.08226187600303081
DistalPhalanxTW,quant,0.7067146282973621,Short,80,0.0533121670014224
DodgerLoopDay,moment_quant_approx,0.603030303030303,Medium-short,288,0.0585537919978378
DodgerLoopDay,moment_quant_exact,0.6181818181818183,Medium-short,288,0.0521313760000338
DodgerLoopDay,quant,0.6181818181818183,Medium-short,288,0.0732771250040968
DodgerLoopGame,moment_quant_approx,0.8454068241469817,Medium-short,288,0.0587160009999933
DodgerLoopGame,moment_quant_exact,0.8391076115485564,Medium-short,288,0.0520361669987323
DodgerLoopGame,quant,0.8391076115485564,Medium-short,288,0.0740085830002499
DodgerLoopWeekend,moment_quant_approx,0.9843915343915343,Medium-short,288,0.0594014170019362
DodgerLoopWeekend,moment_quant_exact,0.9846560846560845,Medium-short,288,0.051666084000316796
DodgerLoopWeekend,quant,0.9846560846560845,Medium-short,288,0.0744135000022651
ECG200,moment_quant_approx,0.881,Short,96,0.0391223320002609
ECG200,moment_quant_exact,0.881,Short,96,0.0363887499988777
ECG200,quant,0.881,Short,96,0.0463787499975296
ECG5000,moment_quant_approx,0.9457407407407408,Short,140,0.2830936659993312
ECG5000,moment_quant_exact,0.9455407407407408,Short,140,0.3951227090001338
ECG5000,quant,0.9455407407407408,Short,140,0.4833883339997555
ECGFiveDays,moment_quant_approx,0.9887340301974449,Short,136,0.0802083749986194
ECGFiveDays,moment_quant_exact,0.986759581881533,Short,136,0.1880724570000893
ECGFiveDays,quant,0.986759581881533,Short,136,0.1085892500013869
EOGHorizontalSignal,moment_quant_approx,0.7998158379373849,Long,1250,0.3022796659970481
EOGHorizontalSignal,moment_quant_exact,0.839963167587477,Long,1250,0.5709548329978134
EOGHorizontalSignal,quant,0.839963167587477,Long,1250,0.8857710830016003
EOGVerticalSignal,moment_quant_approx,0.7712707182320442,Long,1250,0.304568333998759
EOGVerticalSignal,moment_quant_exact,0.7805709023941069,Long,1250,0.5682458739975118
EOGVerticalSignal,quant,0.7805709023941069,Long,1250,0.8972657910017006
Earthquakes,moment_quant_approx,0.7438848920863309,Medium-long,512,0.1153773750011168
Earthquakes,moment_quant_exact,0.756115107913669,Medium-long,512,0.1271725410006183
Earthquakes,quant,0.756115107913669,Medium-long,512,0.1982703329995274
ElectricDeviceDetection,moment_quant_approx,0.9028839348903044,Medium-short,256,0.4146306250004272
ElectricDeviceDetection,moment_quant_exact,0.9023531493276716,Medium-short,256,0.3759876249969238
ElectricDeviceDetection,quant,0.9023531493276716,Medium-short,256,0.5417277089982235
ElectricDevices,moment_quant_approx,0.8703194570526952,Short,96,1.1696963750000577
ElectricDevices,moment_quant_exact,0.8778757618985864,Short,96,0.5567003750002185
ElectricDevices,quant,0.8778065966368391,Short,96,0.8072915839984489
EthanolLevel,moment_quant_approx,0.8327333333333333,Long,1751,0.4183867499996267
EthanolLevel,moment_quant_exact,0.8262666666666667,Long,1751,1.1420062500001222
EthanolLevel,quant,0.826,Long,1751,1.7712645840038022
FaceAll,moment_quant_approx,0.9504142011834319,Short,131,0.14532541700100401
FaceAll,moment_quant_exact,0.9543786982248521,Short,131,0.20005858299919038
FaceAll,quant,0.9543786982248521,Short,131,0.2125769999984185
FaceFour,moment_quant_approx,0.9041666666666667,Medium-long,350,0.0558033749985042
FaceFour,moment_quant_exact,0.9053030303030304,Medium-long,350,0.0452868749998741
FaceFour,quant,0.9053030303030304,Medium-long,350,0.070866082995053
FacesUCR,moment_quant_approx,0.9060650406504066,Short,131,0.1492618330012191
FacesUCR,moment_quant_exact,0.9025528455284554,Short,131,0.1472820010021678
FacesUCR,quant,0.9025528455284554,Short,131,0.2245784590013499
FiftyWords,moment_quant_approx,0.7711355311355311,Medium-short,270,0.10844725000060851
FiftyWords,moment_quant_exact,0.7710622710622711,Medium-short,270,0.1195840830005181
FiftyWords,quant,0.7710622710622711,Medium-short,270,0.1839600419989437
Fish,moment_quant_approx,0.938857142857143,Medium-long,463,0.0927389170028617
Fish,moment_quant_exact,0.9424761904761905,Medium-long,463,0.16113187500013731
Fish,quant,0.9424761904761905,Medium-long,463,0.1580067090035299
FloodModeling1_disc,moment_quant_approx,0.95,Medium-short,266,0.08690745800049621
FloodModeling1_disc,moment_quant_exact,0.945049504950495,Medium-short,266,0.1024682090028363
FloodModeling1_disc,quant,0.945049504950495,Medium-short,266,0.1429746249959861
FloodModeling2_disc,moment_quant_approx,0.9766169154228856,Medium-short,266,0.0877267500036395
FloodModeling2_disc,moment_quant_exact,0.9766169154228856,Medium-short,266,0.10591916699922871
FloodModeling2_disc,quant,0.9766169154228856,Medium-short,266,0.1439886249972914
FloodModeling3_disc,moment_quant_approx,0.9340579710144927,Medium-short,266,0.0821967080009926
FloodModeling3_disc,moment_quant_exact,0.9269927536231884,Medium-short,266,0.09327433399812429
FloodModeling3_disc,quant,0.9269927536231884,Medium-short,266,0.1298387919960077
FordA,moment_quant_approx,0.9690656565656565,Medium-long,500,0.8489645430017844
FordA,moment_quant_exact,0.9680555555555556,Medium-long,500,1.2892623330008064
FordA,quant,0.9680555555555556,Medium-long,500,2.1032105410013173
FordB,moment_quant_approx,0.9185185185185186,Medium-long,500,0.7744991660001688
FordB,moment_quant_exact,0.9167078189300412,Medium-long,500,1.2171462919977785
FordB,quant,0.9167078189300412,Medium-long,500,1.8897859999997308
FreezerRegularTrain,moment_quant_approx,0.9992748538011696,Medium-short,301,0.3580323329988459
FreezerRegularTrain,moment_quant_exact,0.9994385964912281,Medium-short,301,0.4778743340029904
FreezerRegularTrain,quant,0.9994385964912281,Medium-short,301,0.7845626680027634
FreezerSmallTrain,moment_quant_approx,0.9863859649122807,Medium-short,301,0.3517145410041848
FreezerSmallTrain,moment_quant_exact,0.9963976608187135,Medium-short,301,0.442132208001567
FreezerSmallTrain,quant,0.9963976608187135,Medium-short,301,0.7196384590024535
GestureMidAirD1,moment_quant_approx,0.6933333333333334,Medium-long,360,0.0782278340011543
GestureMidAirD1,moment_quant_exact,0.7105128205128205,Medium-long,360,0.13435741600187612
GestureMidAirD1,quant,0.7105128205128205,Medium-long,360,0.13603279200106028
GestureMidAirD2,moment_quant_approx,0.611025641025641,Medium-long,360,0.07960641699901311
GestureMidAirD2,moment_quant_exact,0.6017948717948719,Medium-long,360,0.1380937089998041
GestureMidAirD2,quant,0.6017948717948719,Medium-long,360,0.1350077500028418
GestureMidAirD3,moment_quant_approx,0.4797435897435897,Medium-long,360,0.0784379569995507
GestureMidAirD3,moment_quant_exact,0.48205128205128206,Medium-long,360,0.1385869169971555
GestureMidAirD3,quant,0.48205128205128206,Medium-long,360,0.1320409580002887
GesturePebbleZ1,moment_quant_approx,0.9102713178294572,Medium-long,455,0.0845588320007663
GesturePebbleZ1,moment_quant_exact,0.9445736434108528,Medium-long,455,0.1528780419976101
GesturePebbleZ1,quant,0.9445736434108528,Medium-long,455,0.1545622920020832
GesturePebbleZ2,moment_quant_approx,0.9111814345991561,Medium-long,455,0.0850678330025402
GesturePebbleZ2,moment_quant_exact,0.9495780590717299,Medium-long,455,0.15279225099584431
GesturePebbleZ2,quant,0.9495780590717299,Medium-long,455,0.16243670899711998
GunPoint,moment_quant_approx,0.9911111111111112,Medium-short,150,0.043965124994429006
GunPoint,moment_quant_exact,0.9919999999999999,Medium-short,150,0.0444617920002201
GunPoint,quant,0.9919999999999999,Medium-short,150,0.05813712500093959
GunPointAgeSpan,moment_quant_approx,0.9891350210970464,Medium-short,150,0.0552905839977028
GunPointAgeSpan,moment_quant_exact,0.9898734177215189,Medium-short,150,0.0978777919990533
GunPointAgeSpan,quant,0.9898734177215189,Medium-short,150,0.076689958001225
GunPointMaleVersusFemale,moment_quant_approx,0.9992616033755275,Medium-short,150,0.0555583329987711
GunPointMaleVersusFemale,moment_quant_exact,0.998945147679325,Medium-short,150,0.1001835429997299
GunPointMaleVersusFemale,quant,0.998945147679325,Medium-short,150,0.0779590410020318
GunPointOldVersusYoung,moment_quant_approx,1.0,Medium-short,150,0.0573247499996796
GunPointOldVersusYoung,moment_quant_exact,1.0,Medium-short,150,0.0980819159995007
GunPointOldVersusYoung,quant,1.0,Medium-short,150,0.0784588749957038
Ham,moment_quant_approx,0.8333333333333334,Medium-long,431,0.0724752089990942
Ham,moment_quant_exact,0.8139682539682539,Medium-long,431,0.0959200840043194
Ham,quant,0.8139682539682539,Medium-long,431,0.1105100410022714
HandOutlines,moment_quant_approx,0.9156756756756756,Long,2709,0.9282905000000027
HandOutlines,moment_quant_exact,0.9225225225225225,Long,2709,2.746692542998062
HandOutlines,quant,0.9225225225225225,Long,2709,4.108049957998446
Haptics,moment_quant_approx,0.5032467532467533,Long,1092,0.20187187499686832
Haptics,moment_quant_exact,0.5173160173160173,Long,1092,0.3021730830005253
Haptics,quant,0.5173160173160173,Long,1092,0.4579108339967206
Herring,moment_quant_approx,0.6197916666666666,Medium-long,512,0.0638192919977882
Herring,moment_quant_exact,0.6151041666666667,Medium-long,512,0.0654587500030174
Herring,quant,0.6151041666666667,Medium-long,512,0.0899809580005239
HouseTwenty,moment_quant_approx,0.9327731092436975,Long,2000,0.1414416669977071
HouseTwenty,moment_quant_exact,0.9672268907563025,Long,2000,0.2194052910017489
HouseTwenty,quant,0.9672268907563025,Long,2000,0.360674415998801
InlineSkate,moment_quant_approx,0.5988484848484849,Long,1882,0.3465426659968215
InlineSkate,moment_quant_exact,0.5789090909090909,Long,1882,0.8641506249987287
InlineSkate,quant,0.5789090909090909,Long,1882,1.432616998998128
InsectEPGRegularTrain,moment_quant_approx,1.0,Medium-long,601,0.10811149900109729
InsectEPGRegularTrain,moment_quant_exact,1.0,Medium-long,601,0.1335462909992202
InsectEPGRegularTrain,quant,1.0,Medium-long,601,0.1965720000007422
InsectEPGSmallTrain,moment_quant_approx,1.0,Medium-long,601,0.0991655829966475
InsectEPGSmallTrain,moment_quant_exact,1.0,Medium-long,601,0.1028750000041327
InsectEPGSmallTrain,quant,1.0,Medium-long,601,0.17795441700218348
InsectWingbeatSound,moment_quant_approx,0.6475757575757576,Medium-short,256,0.1976524169986077
InsectWingbeatSound,moment_quant_exact,0.6565993265993266,Medium-short,256,0.2683687499993538
InsectWingbeatSound,quant,0.6565993265993266,Medium-short,256,0.39622666699870024
ItalyPowerDemand,moment_quant_approx,0.9632653061224491,Short,24,0.0205867919976298
ItalyPowerDemand,moment_quant_exact,0.9633624878522837,Short,24,0.0455959170030837
ItalyPowerDemand,quant,0.9612892776158082,Short,24,0.0183056249989021
KeplerLightCurves,moment_quant_approx,0.9587301587301588,Long,4767,1.7381160829972941
KeplerLightCurves,moment_quant_exact,0.9475355054302422,Long,4767,4.999989416002791
KeplerLightCurves,quant,0.9475355054302422,Long,4767,8.998547832998156
LargeKitchenAppliances,moment_quant_approx,0.8328888888888889,Medium-long,720,0.2056427909992635
LargeKitchenAppliances,moment_quant_exact,0.8776888888888889,Medium-long,720,0.15954595799485088
LargeKitchenAppliances,quant,0.8776888888888889,Medium-long,720,0.27318629100409453
Lightning2,moment_quant_approx,0.8032786885245902,Medium-long,637,0.0721360000025014
Lightning2,moment_quant_exact,0.7693989071038252,Medium-long,637,0.0819383339985506
Lightning2,quant,0.7693989071038252,Medium-long,637,0.1059487510028701
Lightning7,moment_quant_approx,0.7607305936073059,Medium-short,319,0.057210498998756396
Lightning7,moment_quant_exact,0.7465753424657534,Medium-short,319,0.0521767919999546
Lightning7,quant,0.7465753424657534,Medium-short,319,0.07554337499823299
Mallat,moment_quant_approx,0.971684434968017,Long,1024,0.7579986249984357
Mallat,moment_quant_exact,0.9618905472636816,Long,1024,1.5293524579974473
Mallat,quant,0.9618905472636816,Long,1024,1.9922308750028608
Meat,moment_quant_approx,0.9838888888888888,Medium-long,448,0.0602707500001996
Meat,moment_quant_exact,0.9833333333333333,Medium-long,448,0.0525417509961698
Meat,quant,0.9833333333333333,Medium-long,448,0.0793145000025105
MedicalImages,moment_quant_approx,0.8129385964912281,Short,99,0.073049833998084
MedicalImages,moment_quant_exact,0.8104385964912281,Short,99,0.18811199899937492
MedicalImages,quant,0.8104385964912281,Short,99,0.0912577919989416
MelbournePedestrian,moment_quant_approx,0.9710794882851804,Short,24,0.044148000004497506
MelbournePedestrian,moment_quant_exact,0.9713094724737673,Short,24,0.1416459590036538
MelbournePedestrian,quant,0.9709357481673135,Short,24,0.0339070410045678
MiddlePhalanxOutlineAgeGroup,moment_quant_approx,0.6963203463203463,Short,80,0.049700751002091995
MiddlePhalanxOutlineAgeGroup,moment_quant_exact,0.6982683982683983,Short,80,0.0858723329984058
MiddlePhalanxOutlineAgeGroup,quant,0.6982683982683983,Short,80,0.054358709003281394
MiddlePhalanxOutlineCorrect,moment_quant_approx,0.8249713631156931,Short,80,0.058466709000640396
MiddlePhalanxOutlineCorrect,moment_quant_exact,0.8254295532646049,Short,80,0.1345142079990182
MiddlePhalanxOutlineCorrect,quant,0.8254295532646049,Short,80,0.06536204099757009
MiddlePhalanxTW,moment_quant_approx,0.5872294372294372,Short,80,0.048011417999077696
MiddlePhalanxTW,moment_quant_exact,0.5837662337662338,Short,80,0.0848081249969254
MiddlePhalanxTW,quant,0.5837662337662338,Short,80,0.054451292002340695
MixedShapesRegularTrain,moment_quant_approx,0.9557388316151203,Long,1024,0.987844416998996
MixedShapesRegularTrain,moment_quant_exact,0.9677800687285224,Long,1024,1.8580166239989921
MixedShapesRegularTrain,quant,0.9677800687285224,Long,1024,2.9313274170017394
MixedShapesSmallTrain,moment_quant_approx,0.9180481099656357,Long,1024,0.7953014169979724
MixedShapesSmallTrain,moment_quant_exact,0.9351752577319588,Long,1024,1.643455167002685
MixedShapesSmallTrain,quant,0.9351752577319588,Long,1024,2.4663122080019093
MoteStrain,moment_quant_approx,0.8888711395101172,Short,84,0.0720950830036598
MoteStrain,moment_quant_exact,0.9253194888178914,Short,84,0.2048141669984033
MoteStrain,quant,0.9253194888178914,Short,84,0.08922779200292999
NonInvasiveFetalECGThorax1,moment_quant_approx,0.9407294317217982,Long,750,0.8837322499966831
NonInvasiveFetalECGThorax1,moment_quant_exact,0.9369465648854961,Long,750,1.741305083000043
NonInvasiveFetalECGThorax1,quant,0.9369465648854961,Long,750,2.7815602500013483
NonInvasiveFetalECGThorax2,moment_quant_approx,0.9522476675148431,Long,750,0.8798438329977216
NonInvasiveFetalECGThorax2,moment_quant_exact,0.9555046649703137,Long,750,1.7395859160023974
NonInvasiveFetalECGThorax2,quant,0.9555046649703137,Long,750,2.75168741699963
OSULeaf,moment_quant_approx,0.8724517906336088,Medium-long,427,0.0999985829985234
OSULeaf,moment_quant_exact,0.8798898071625344,Medium-long,427,0.1433571669986122
OSULeaf,quant,0.8798898071625344,Medium-long,427,0.1792070419978698
OliveOil,moment_quant_approx,0.9166666666666666,Medium-long,570,0.0600117490030242
OliveOil,moment_quant_exact,0.9044444444444444,Medium-long,570,0.0331670010018569
OliveOil,quant,0.9044444444444444,Medium-long,570,0.0676197499997215
PLAID,moment_quant_approx,0.9145872129112352,Long,1345,0.4216145840036915
PLAID,moment_quant_exact,0.9219118559900683,Long,1345,0.980310124996322
PLAID,quant,0.9219118559900683,Long,1345,1.745471832997282
PhalangesOutlinesCorrect,moment_quant_approx,0.8500777000777,Short,80,0.1096494579978752
PhalangesOutlinesCorrect,moment_quant_exact,0.8496114996114996,Short,80,0.39992958399670897
PhalangesOutlinesCorrect,quant,0.8496114996114996,Short,80,0.12235833399972751
PhoneHeartbeatSound,moment_quant_approx,0.6663003663003663,Long,3053,0.4940673759992933
PhoneHeartbeatSound,moment_quant_exact,0.665018315018315,Long,3053,1.3359987910007476
PhoneHeartbeatSound,quant,0.665018315018315,Long,3053,2.437556624998251
Phoneme,moment_quant_approx,0.3687763713080168,Long,1024,0.6345646260015201
Phoneme,moment_quant_exact,0.3719409282700422,Long,1024,1.3526559589990936
Phoneme,quant,0.3719409282700422,Long,1024,2.319711375002953
PickupGestureWiimoteZ,moment_quant_approx,0.8106666666666666,Medium-long,361,0.0540197910013375
PickupGestureWiimoteZ,moment_quant_exact,0.8046666666666666,Medium-long,361,0.0426982079952721
PickupGestureWiimoteZ,quant,0.8046666666666666,Medium-long,361,0.07042924999768721
PigAirwayPressure,moment_quant_approx,0.41169871794871793,Long,2000,0.223499375002575
PigAirwayPressure,moment_quant_exact,0.4581730769230769,Long,2000,0.4193004990011103
PigAirwayPressure,quant,0.4581730769230769,Long,2000,0.7236379589994612
PigArtPressure,moment_quant_approx,0.8857371794871794,Long,2000,0.2263271259980682
PigArtPressure,moment_quant_exact,0.8894230769230769,Long,2000,0.4140016669989563
PigArtPressure,quant,0.8894230769230769,Long,2000,0.7012867500015999
PigCVP,moment_quant_approx,0.6403846153846153,Long,2000,0.2223147490003611
PigCVP,moment_quant_exact,0.6421474358974358,Long,2000,0.4100309579989698
PigCVP,quant,0.6421474358974358,Long,2000,0.7243638750005629
Plane,moment_quant_approx,1.0,Short,144,0.04667262600196399
Plane,moment_quant_exact,1.0,Short,144,0.045146250999096
Plane,quant,1.0,Short,144,0.0572387499996693
PowerCons,moment_quant_approx,0.9929629629629629,Short,144,0.053070000005391096
PowerCons,moment_quant_exact,0.9903703703703702,Short,144,0.0797187919997667
PowerCons,quant,0.9903703703703702,Short,144,0.0719439999993482
ProximalPhalanxOutlineAgeGroup,moment_quant_approx,0.853170731707317,Short,80,0.0481405419996007
ProximalPhalanxOutlineAgeGroup,moment_quant_exact,0.8517073170731707,Short,80,0.0910252080029749
ProximalPhalanxOutlineAgeGroup,quant,0.8517073170731707,Short,80,0.0534628750028786
ProximalPhalanxOutlineCorrect,moment_quant_approx,0.897709049255441,Short,80,0.0597646249989338
ProximalPhalanxOutlineCorrect,moment_quant_exact,0.8995418098510882,Short,80,0.1356371250003576
ProximalPhalanxOutlineCorrect,quant,0.8995418098510882,Short,80,0.0646781249997729
ProximalPhalanxTW,moment_quant_approx,0.8123577235772358,Short,80,0.050428833998012
ProximalPhalanxTW,moment_quant_exact,0.8188617886178862,Short,80,0.0926296659999933
ProximalPhalanxTW,quant,0.8188617886178862,Short,80,0.0552237500014597
RefrigerationDevices,moment_quant_approx,0.7115555555555556,Medium-long,720,0.2087940000019443
RefrigerationDevices,moment_quant_exact,0.7444444444444444,Medium-long,720,0.2461450840019096
RefrigerationDevices,quant,0.7443555555555555,Medium-long,720,0.40466454199849966
Rock,moment_quant_approx,0.8093333333333333,Long,2844,0.1103326249976816
Rock,moment_quant_exact,0.794,Long,2844,0.1725269159978779
Rock,quant,0.794,Long,2844,0.2598648329985734
ScreenType,moment_quant_approx,0.6576000000000001,Medium-long,720,0.20874441699925222
ScreenType,moment_quant_exact,0.6709333333333334,Medium-long,720,0.1916587500018067
ScreenType,quant,0.6713777777777777,Medium-long,720,0.321101624998846
SemgHandGenderCh2,moment_quant_approx,0.9498888888888889,Long,1500,0.37394883300294157
SemgHandGenderCh2,moment_quant_exact,0.9546666666666667,Long,1500,0.8525737080017279
SemgHandGenderCh2,quant,0.9546666666666667,Long,1500,1.6177138340026431
SemgHandMovementCh2,moment_quant_approx,0.872,Long,1500,0.3434115839991136
SemgHandMovementCh2,moment_quant_exact,0.8548148148148148,Long,1500,0.8509191249977447
SemgHandMovementCh2,quant,0.8548148148148148,Long,1500,1.6311585840012413
SemgHandSubjectCh2,moment_quant_approx,0.9214814814814816,Long,1500,0.3424855429984744
SemgHandSubjectCh2,moment_quant_exact,0.9241481481481482,Long,1500,0.843967541000893
SemgHandSubjectCh2,quant,0.9241481481481482,Long,1500,1.635268707996147
ShakeGestureWiimoteZ,moment_quant_approx,0.8313333333333334,Medium-long,385,0.0546308749981107
ShakeGestureWiimoteZ,moment_quant_exact,0.8486666666666667,Medium-long,385,0.0438894580001942
ShakeGestureWiimoteZ,quant,0.8486666666666667,Medium-long,385,0.0743180829995253
ShapeletSim,moment_quant_approx,0.826851851851852,Medium-long,500,0.0759681249983259
ShapeletSim,moment_quant_exact,0.9851851851851852,Medium-long,500,0.0628351250052218
ShapeletSim,quant,0.9851851851851852,Medium-long,500,0.132306540999707
ShapesAll,moment_quant_approx,0.8702222222222222,Medium-long,512,0.2274921259995607
ShapesAll,moment_quant_exact,0.8861111111111111,Medium-long,512,0.2953868339973268
ShapesAll,quant,0.8861111111111111,Medium-long,512,0.4969157489977078
SharePriceIncrease,moment_quant_approx,0.6910282953761214,Short,60,0.0807927079949877
SharePriceIncrease,moment_quant_exact,0.6885783298826776,Short,60,0.2533873329994093
SharePriceIncrease,quant,0.6885783298826776,Short,60,0.08925150000140991
SmallKitchenAppliances,moment_quant_approx,0.8371555555555557,Medium-long,720,0.2067325829993933
SmallKitchenAppliances,moment_quant_exact,0.8328888888888889,Medium-long,720,0.1578167090010538
SmallKitchenAppliances,quant,0.8328888888888889,Medium-long,720,0.26060262499959197
SmoothSubspace,moment_quant_approx,0.988,Short,15,0.0082457079988671
SmoothSubspace,moment_quant_exact,0.9893333333333333,Short,15,0.007702667000557899
SmoothSubspace,quant,0.9893333333333333,Short,15,0.0076422500023909
SonyAIBORobotSurface1,moment_quant_approx,0.9252911813643927,Short,70,0.0531718760030343
SonyAIBORobotSurface1,moment_quant_exact,0.9078757626178592,Short,70,0.09521237499939149
SonyAIBORobotSurface1,quant,0.9078757626178592,Short,70,0.0549516249993757
SonyAIBORobotSurface2,moment_quant_approx,0.9183980412731725,Short,65,0.061923250003019195
SonyAIBORobotSurface2,moment_quant_exact,0.9184679958027283,Short,65,0.1456835829994815
SonyAIBORobotSurface2,quant,0.9184679958027283,Short,65,0.061437915999704204
StarLightCurves,moment_quant_approx,0.9786061194754736,Long,1024,3.2990032080015226
StarLightCurves,moment_quant_exact,0.9807633155253359,Long,1024,6.304772250998212
StarLightCurves,quant,0.9807633155253359,Long,1024,7.563233541997761
Strawberry,moment_quant_approx,0.976036036036036,Medium-short,235,0.0979204999966896
Strawberry,moment_quant_exact,0.9764864864864864,Medium-short,235,0.1630707500007701
Strawberry,quant,0.9764864864864864,Medium-short,235,0.1725431250015389
SwedishLeaf,moment_quant_approx,0.9497066666666666,Short,128,0.0847563320021435
SwedishLeaf,moment_quant_exact,0.9574933333333333,Short,128,0.2214032920019235
SwedishLeaf,quant,0.9574933333333333,Short,128,0.1108239169989246
Symbols,moment_quant_approx,0.9690117252931323,Medium-long,398,0.1723470830002042
Symbols,moment_quant_exact,0.950251256281407,Medium-long,398,0.2154436249984427
Symbols,quant,0.950251256281407,Medium-long,398,0.3117143749987007
SyntheticControl,moment_quant_approx,0.9936666666666667,Short,60,0.0459762499995121
SyntheticControl,moment_quant_exact,0.9916666666666667,Short,60,0.07828541699927871
SyntheticControl,quant,0.9916666666666667,Short,60,0.048623540998960296
ToeSegmentation1,moment_quant_approx,0.8467836257309942,Medium-short,277,0.06220875100189
ToeSegmentation1,moment_quant_exact,0.8559941520467836,Medium-short,277,0.08938987500005159
ToeSegmentation1,quant,0.8559941520467836,Medium-short,277,0.0931587080012831
ToeSegmentation2,moment_quant_approx,0.8676923076923077,Medium-long,343,0.0612619169987737
ToeSegmentation2,moment_quant_exact,0.8828205128205128,Medium-long,343,0.06425574999957451
ToeSegmentation2,quant,0.8828205128205128,Medium-long,343,0.085173499999655
Tools,moment_quant_approx,0.8171641791044776,Long,2926,0.34670270800052083
Tools,moment_quant_exact,0.8092039800995025,Long,2926,0.7960052499984158
Tools,quant,0.8092039800995025,Long,2926,1.4898604580012034
Trace,moment_quant_approx,1.0,Medium-short,275,0.0540047089998551
Trace,moment_quant_exact,1.0,Medium-short,275,0.0679802909980935
Trace,quant,1.0,Medium-short,275,0.080834375003178
TwoLeadECG,moment_quant_approx,0.9770558969856599,Short,82,0.0699651249997259
TwoLeadECG,moment_quant_exact,0.9847819724904887,Short,82,0.18394866599919618
TwoLeadECG,quant,0.9847819724904887,Short,82,0.0817056250016321
TwoPatterns,moment_quant_approx,0.995275,Short,128,0.2596924589997797
TwoPatterns,moment_quant_exact,0.999675,Short,128,0.2231670830005895
TwoPatterns,quant,0.999675,Short,128,0.3807859999978973
UMD,moment_quant_approx,0.98125,Medium-short,150,0.043208457998844
UMD,moment_quant_exact,0.9724537037037037,Medium-short,150,0.0423548749968175
UMD,quant,0.9724537037037037,Medium-short,150,0.0575274169968905
UWaveGestureLibraryAll,moment_quant_approx,0.9673366834170855,Long,945,1.4272849580011095
UWaveGestureLibraryAll,moment_quant_exact,0.9678019728270985,Long,945,2.7953016249994107
UWaveGestureLibraryAll,quant,0.9677926670388982,Long,945,3.7593716249975837
UWaveGestureLibraryX,moment_quant_approx,0.838963335194491,Medium-short,315,0.5543697500033886
UWaveGestureLibraryX,moment_quant_exact,0.850856132514424,Medium-short,315,0.7110294180019991
UWaveGestureLibraryX,quant,0.8513121161362367,Medium-short,315,1.025762291999854
UWaveGestureLibraryY,moment_quant_approx,0.7671691792294807,Medium-short,315,0.5641801250021671
UWaveGestureLibraryY,moment_quant_exact,0.7744742229666852,Medium-short,315,0.7378352500018082
UWaveGestureLibraryY,quant,0.7745765866368881,Medium-short,315,1.0084852500003763
UWaveGestureLibraryZ,moment_quant_approx,0.7763632979713382,Medium-short,315,0.5742801249980402
UWaveGestureLibraryZ,moment_quant_exact,0.7912990880327564,Medium-short,315,0.7060782920052588
UWaveGestureLibraryZ,quant,0.7910571375395496,Medium-short,315,1.0287733750010375
Wafer,moment_quant_approx,0.9985236859182349,Medium-short,152,0.5390894590018434
Wafer,moment_quant_exact,0.9996809431105343,Medium-short,152,0.46432758400260343
Wafer,quant,0.9996809431105343,Medium-short,152,0.6522200000035809
Wine,moment_quant_approx,0.9030864197530863,Medium-short,234,0.0365857499964476
Wine,moment_quant_exact,0.9141975308641975,Medium-short,234,0.0289474169985623
Wine,quant,0.9141975308641975,Medium-short,234,0.055197459001647
WordSynonyms,moment_quant_approx,0.7007314524555904,Medium-short,270,0.1089557920022342
WordSynonyms,moment_quant_exact,0.7005747126436782,Medium-short,270,0.15603470799760538
WordSynonyms,quant,0.7005747126436782,Medium-short,270,0.181890416999522
Worms,moment_quant_approx,0.7,Long,900,0.117337875002704
Worms,moment_quant_exact,0.7346320346320347,Long,900,0.17004350000206608
Worms,quant,0.7346320346320347,Long,900,0.2472850419981113
WormsTwoClass,moment_quant_approx,0.7982683982683982,Long,900,0.1183684589996118
WormsTwoClass,moment_quant_exact,0.7995670995670996,Long,900,0.17228829100349669
WormsTwoClass,quant,0.7995670995670996,Long,900,0.25603500000215706
Yoga,moment_quant_approx,0.8938222222222223,Medium-long,426,0.5351896259999194
Yoga,moment_quant_exact,0.8961111111111111,Medium-long,426,0.7250243329981458
Yoga,quant,0.8961111111111111,Medium-long,426,1.1567585419979878
