Sweep,Estimator,n,L,Empirical_runtime,Theoretical_runtime,Absolute_error,Relative_error,Prediction_failed,Prediction_error
single_thread_fixed_n_samples,moment_quant_exact_samples,698,16,0.019094084000244,0.018833335506042742,-0.0002607484942012579,-0.013655983402918195,False,
single_thread_fixed_n_samples,moment_quant_exact_samples,698,32,0.0471173330006422,0.04458462133983841,-0.0025327116608037867,-0.05375328991497177,False,
single_thread_fixed_n_samples,moment_quant_exact_samples,698,64,0.0986707500014745,0.09808408414160089,-0.0005866658598736169,-0.005945691705645796,False,
single_thread_fixed_n_samples,moment_quant_exact_samples,698,128,0.1476989160000812,0.14361923314256486,-0.004079682857516337,-0.027621616786368926,False,
single_thread_fixed_n_samples,moment_quant_exact_samples,698,256,0.2265068750020873,0.2239696226822629,-0.002537252319824407,-0.011201656990769157,False,
single_thread_fixed_n_samples,moment_quant_exact_samples,698,512,0.4115418750006938,0.41032488469562833,-0.0012169903050654463,-0.002957148176144638,False,
single_thread_fixed_n_samples,moment_quant_exact_samples,698,1024,0.8429715829988709,0.8439646718005914,0.0009930888017205541,0.0011780809955510498,False,
single_thread_fixed_n_samples,moment_quant_exact_samples,698,2048,1.8105043329996988,1.806896629837643,-0.003607703162055831,-0.0019926509405688514,False,
single_thread_fixed_n_samples,moment_quant_exact_samples,698,4096,3.9624532909983823,3.968095823765511,0.005642532767128561,0.0014239998184828735,False,
single_thread_fixed_n_samples,moment_quant_exact_intervals,698,16,0.0029743339982815,0.0018734644661176194,-0.0011008695321638806,-0.37012303688823683,False,
single_thread_fixed_n_samples,moment_quant_exact_intervals,698,32,0.0071587090023967,0.006545002021084613,-0.0006137069813120875,-0.08572872302905753,False,
single_thread_fixed_n_samples,moment_quant_exact_intervals,698,64,0.0172201250024954,0.018440882597494355,0.0012207575949989558,0.07089133178894193,False,
single_thread_fixed_n_samples,moment_quant_exact_intervals,698,128,0.0330239579998306,0.04044672273675927,0.007422764736928669,0.22476908240274365,False,
single_thread_fixed_n_samples,moment_quant_exact_intervals,698,256,0.0713762080013111,0.08797854231158575,0.01660233431027465,0.23260319895349,False,
single_thread_fixed_n_samples,moment_quant_exact_intervals,698,512,0.1673054170023533,0.19576623973336443,0.028460822731011137,0.17011297805504297,False,
single_thread_fixed_n_samples,moment_quant_exact_intervals,698,1024,0.4055147910003143,0.4378860595725908,0.03237126857227651,0.07982759024010895,False,
single_thread_fixed_n_samples,moment_quant_exact_intervals,698,2048,0.9467063329975643,0.9755342113626299,0.028827878365065507,0.030450708271685,False,
single_thread_fixed_n_samples,moment_quant_exact_intervals,698,4096,2.1526843329993426,2.1577881729439494,0.005103839944606836,0.0023709188878127977,False,
single_thread_fixed_n_samples,moment_quant_approx_samples,698,16,0.0078392499999608,0.006101172329552405,-0.0017380776704083948,-0.22171479037115618,False,
single_thread_fixed_n_samples,moment_quant_approx_samples,698,32,0.0167124159997911,0.015892683928171464,-0.0008197320716196339,-0.04904928596977722,False,
single_thread_fixed_n_samples,moment_quant_approx_samples,698,64,0.0347120000005816,0.03222433165654603,-0.0024876683440355693,-0.07166594676175066,False,
single_thread_fixed_n_samples,moment_quant_approx_samples,698,128,0.0468524999996589,0.05010997264199192,0.0032574726423330175,0.06952612224228659,False,
single_thread_fixed_n_samples,moment_quant_approx_samples,698,256,0.065609792000032,0.07098820221870406,0.005378410218672053,0.08197572427404479,False,
single_thread_fixed_n_samples,moment_quant_approx_samples,698,512,0.1253089169986196,0.13944970202863988,0.01414078503002028,0.11284739640815869,False,
single_thread_fixed_n_samples,moment_quant_approx_samples,698,1024,0.2307346249981492,0.25033331163637457,0.019598686638225365,0.08494037961741795,False,
single_thread_fixed_n_samples,moment_quant_approx_samples,698,2048,0.4248052080001798,0.46452072165112,0.039715513650940226,0.09349111758282261,False,
single_thread_fixed_n_samples,moment_quant_approx_samples,698,4096,0.8415414160008368,0.8876929277356119,0.046151511734775164,0.05484164041990451,False,
single_thread_fixed_n_samples,moment_quant_approx_intervals,698,16,0.0107004589990538,0.0070985766618490535,-0.0036018823372047457,-0.33661007789696185,False,
single_thread_fixed_n_samples,moment_quant_approx_intervals,698,32,0.0242079160016146,0.018921705605569168,-0.005286210396045432,-0.21836701662765423,False,
single_thread_fixed_n_samples,moment_quant_approx_intervals,698,64,0.0501771670024027,0.042949497328522546,-0.007227669673880152,-0.14404300014654195,False,
single_thread_fixed_n_samples,moment_quant_approx_intervals,698,128,0.0615842919978604,0.06178063325456659,0.00019634125670619368,0.003188171047139993,False,
single_thread_fixed_n_samples,moment_quant_approx_intervals,698,256,0.071410749998904,0.08981758868362325,0.01840683868471925,0.257760052723179,False,
single_thread_fixed_n_samples,moment_quant_approx_intervals,698,512,0.1132753749989206,0.14501833661154723,0.03174296161262663,0.280228263317858,False,
single_thread_fixed_n_samples,moment_quant_approx_intervals,698,1024,0.1852105840007425,0.2548815640085478,0.06967098000780528,0.3761716987379402,False,
single_thread_fixed_n_samples,moment_quant_approx_intervals,698,2048,0.343613875000301,0.47433871785249565,0.13072484285219466,0.38044110661154223,False,
single_thread_fixed_n_samples,moment_quant_approx_intervals,698,4096,0.7263669579988346,0.9131183312013296,0.18675137320249502,0.2571033430774458,False,
single_thread_fixed_n_samples,quant,698,16,0.0065437499979452,0.008497706695097832,0.0019539566971526322,0.2985989222947382,False,
single_thread_fixed_n_samples,quant,698,32,0.0158470829992438,0.022499891126310755,0.006652808127066954,0.41981278998692795,False,
single_thread_fixed_n_samples,quant,698,64,0.0378970000019762,0.05504194408102675,0.017144944079050553,0.45240900541352885,False,
single_thread_fixed_n_samples,quant,698,128,0.0715798750024987,0.08804480128628828,0.01646492628378958,0.2300217244471973,False,
single_thread_fixed_n_samples,quant,698,256,0.1471070419975149,0.17425627326757584,0.02714923127006094,0.18455425995527514,False,
single_thread_fixed_n_samples,quant,698,512,0.330055958002049,0.3788922522742375,0.048836294272188496,0.14796368036442267,False,
single_thread_fixed_n_samples,quant,698,1024,0.7733507500015548,0.8388418787325291,0.06549112873097429,0.08468489715803937,False,
single_thread_fixed_n_samples,quant,698,2048,1.7729791659985494,1.8605376058749263,0.0875584398763769,0.049384923159581304,False,
single_thread_fixed_n_samples,quant,698,4096,4.019349666999915,4.10770594723996,0.08835628024004549,0.02198273043161123,False,
single_thread_fixed_n_timepoints,moment_quant_exact_samples,64,384,0.03001120800036,0.028746533636353207,-0.0012646743640067938,-0.04214006860342387,False,
single_thread_fixed_n_timepoints,moment_quant_exact_samples,128,384,0.058954416999768,0.057493067272706415,-0.0014613497270615852,-0.02478779032056811,False,
single_thread_fixed_n_timepoints,moment_quant_exact_samples,256,384,0.1147666670003673,0.11498613454541283,0.00021946754504552357,0.0019122934453156262,False,
single_thread_fixed_n_timepoints,moment_quant_exact_samples,512,384,0.2284939999990456,0.22997226909082566,0.00147826909178006,0.006469618859953586,False,
single_thread_fixed_n_timepoints,moment_quant_exact_samples,1024,384,0.4589723749995755,0.4599445381816513,0.0009721631820758247,0.0021181300553801824,False,
single_thread_fixed_n_timepoints,moment_quant_exact_samples,2048,384,0.931264666000061,0.9198890763633026,-0.011375589636758332,-0.012215205893742765,False,
single_thread_fixed_n_timepoints,moment_quant_exact_samples,4096,384,1.889462833001744,1.8397781527266053,-0.049684680275138726,-0.026295664253001408,False,
single_thread_fixed_n_timepoints,moment_quant_exact_samples,8192,384,3.7746215000006487,3.6795563054532106,-0.09506519454743811,-0.02518535820013259,False,
single_thread_fixed_n_timepoints,moment_quant_exact_samples,16384,384,7.659165875000326,7.359112610906421,-0.3000532640939051,-0.039175710382939356,False,
single_thread_fixed_n_timepoints,moment_quant_exact_intervals,64,384,0.0201364999993529,0.019669310937246026,-0.000467189062106875,-0.02320110556064303,False,
single_thread_fixed_n_timepoints,moment_quant_exact_intervals,128,384,0.030042542002775,0.031831594745709145,0.001789052742934144,0.059550644641485094,False,
single_thread_fixed_n_timepoints,moment_quant_exact_intervals,256,384,0.0499116669998329,0.056156162362635376,0.006244495362802478,0.12511093574220603,False,
single_thread_fixed_n_timepoints,moment_quant_exact_intervals,512,384,0.0903137499990407,0.10480529759648784,0.01449154759744714,0.16045782173369025,False,
single_thread_fixed_n_timepoints,moment_quant_exact_intervals,1024,384,0.1748217909989762,0.20210356806419275,0.027281777065216534,0.15605478532922878,False,
single_thread_fixed_n_timepoints,moment_quant_exact_intervals,2048,384,0.3601426669993088,0.3967001089996026,0.036557442000293816,0.10150822257437211,False,
single_thread_fixed_n_timepoints,moment_quant_exact_intervals,4096,384,0.8005550419984502,0.7858931908704223,-0.01466185112802787,-0.018314607189815507,False,
single_thread_fixed_n_timepoints,moment_quant_exact_intervals,8192,384,1.7515234999991662,1.5642793546120617,-0.18724414538710454,-0.10690358729825417,False,
single_thread_fixed_n_timepoints,moment_quant_exact_intervals,16384,384,3.726797583000007,3.1210516820953402,-0.6057459009046666,-0.16253791289009364,False,
single_thread_fixed_n_timepoints,moment_quant_approx_samples,64,384,0.0302055419997486,0.009540740426444963,-0.020664801573303637,-0.6841394063869349,False,
single_thread_fixed_n_timepoints,moment_quant_approx_samples,128,384,0.0369505830021807,0.019081480852889927,-0.017869102149290775,-0.4835945930335172,False,
single_thread_fixed_n_timepoints,moment_quant_approx_samples,256,384,0.0501299999996263,0.03816296170577985,-0.011967038293846446,-0.23872009363526145,False,
single_thread_fixed_n_timepoints,moment_quant_approx_samples,512,384,0.077704374998575,0.0763259234115597,-0.0013784515870152864,-0.01773969080943725,False,
single_thread_fixed_n_timepoints,moment_quant_approx_samples,1024,384,0.1347189160005655,0.1526518468231194,0.017932930822553927,0.13311368109938365,False,
single_thread_fixed_n_timepoints,moment_quant_approx_samples,2048,384,0.2480708750008489,0.3053036936462388,0.05723281864538993,0.2307115603361099,False,
single_thread_fixed_n_timepoints,moment_quant_approx_samples,4096,384,0.4905655000002298,0.6106073872924777,0.12004188729224785,0.24470103847945202,False,
single_thread_fixed_n_timepoints,moment_quant_approx_samples,8192,384,1.0104554160025143,1.2212147745849553,0.210759358582441,0.20857858273077587,False,
single_thread_fixed_n_timepoints,moment_quant_approx_samples,16384,384,2.5628324579993205,2.4424295491699106,-0.12040290882940985,-0.04698040578251556,False,
single_thread_fixed_n_timepoints,moment_quant_approx_intervals,64,384,0.0340452079981332,0.03398362877666296,-6.157922147024403e-05,-0.0018087485755299423,False,
single_thread_fixed_n_timepoints,moment_quant_approx_intervals,128,384,0.039992500001972,0.042422262377523265,0.0024297623755512657,0.06075545103285506,False,
single_thread_fixed_n_timepoints,moment_quant_approx_intervals,256,384,0.052053875002457,0.05929952957924388,0.007245654576786879,0.13919529672757075,False,
single_thread_fixed_n_timepoints,moment_quant_approx_intervals,512,384,0.0770794579984794,0.09305406398268509,0.015974605984205692,0.20724855102796433,False,
single_thread_fixed_n_timepoints,moment_quant_approx_intervals,1024,384,0.1318752079969272,0.16056313278956755,0.028687924792640346,0.2175384230924496,False,
single_thread_fixed_n_timepoints,moment_quant_approx_intervals,2048,384,0.2456881670004804,0.29558127040333243,0.049893103402852024,0.20307491407493983,False,
single_thread_fixed_n_timepoints,moment_quant_approx_intervals,4096,384,0.5499629160003678,0.5656175456308622,0.015654629630494354,0.02846488222213856,False,
single_thread_fixed_n_timepoints,moment_quant_approx_intervals,8192,384,1.3903155000007246,1.1056900960859217,-0.28462540391480284,-0.20472001061245057,False,
single_thread_fixed_n_timepoints,moment_quant_approx_intervals,16384,384,4.181767707999825,2.185835196996041,-1.995932511003784,-0.47729397000830914,False,
single_thread_fixed_n_timepoints,quant,64,384,0.041491792002489,0.043526277421852,0.0020344854193629983,0.04903344302991189,False,
single_thread_fixed_n_timepoints,quant,128,384,0.0606254580015956,0.06711074017132326,0.006485282169727664,0.10697291836635657,False,
single_thread_fixed_n_timepoints,quant,256,384,0.1005549170004087,0.11427966567026579,0.013724748669857095,0.1364900800405545,False,
single_thread_fixed_n_timepoints,quant,512,384,0.1788056250006775,0.20861751666815087,0.02981189166747336,0.16672792965747246,False,
single_thread_fixed_n_timepoints,quant,1024,384,0.3416923750010028,0.397293218663921,0.055600843662918176,0.16272193274068525,False,
single_thread_fixed_n_timepoints,quant,2048,384,0.690902416001336,0.7746446226554613,0.08374220665412535,0.12120699640738182,False,
single_thread_fixed_n_timepoints,quant,4096,384,1.4164267919986742,1.5293474306385417,0.11292063863986757,0.07972218492176987,False,
single_thread_fixed_n_timepoints,quant,8192,384,2.9021671250011423,3.038753046604703,0.13658592160356076,0.04706342389000323,False,
single_thread_fixed_n_timepoints,quant,16384,384,5.939166708001721,6.057564278537025,0.11839757053530331,0.019935047516983925,False,
