Mode,SlopeEstimator,ConstantsEstimator,L,slope,intercept,r2_stage1,predicted_processing_cost,residual,kappa_S_hat_naive,assumption
exact,moment_quant_exact_samples,moment_quant_exact_samples,9,1.2110314822235519e-05,6.135246715850718e-05,0.9999305524760669,1.2962779121730733e-05,-8.524642994952145e-07,-2.1311607487380363e-07,True
exact,moment_quant_exact_samples,moment_quant_exact_samples,14,2.32047403506177e-05,5.935931146473296e-05,0.9998849854098442,2.422937650123778e-05,-1.0246361506200819e-06,-2.5615903765502046e-07,True
exact,moment_quant_exact_samples,moment_quant_exact_samples,15,2.557595516790882e-05,5.560070135880499e-05,0.9996652380910361,2.543194654367102e-05,1.4400862423779917e-07,3.600215605944979e-08,True
exact,moment_quant_exact_samples,moment_quant_exact_samples,16,2.6981856025849206e-05,6.332954037889096e-05,0.9998021710672576,2.6964296215514216e-05,1.7559810334989836e-08,4.389952583747459e-09,True
exact,moment_quant_exact_samples,moment_quant_exact_samples,17,2.9540250660866123e-05,5.846625780180462e-05,0.9983977460188017,2.9130355175229695e-05,4.098954856364272e-07,1.024738714091068e-07,True
exact,moment_quant_exact_samples,moment_quant_exact_samples,20,3.517659766380455e-05,6.222047735467036e-05,0.9999750284439366,4.356723165100778e-05,-8.39063398720323e-06,-2.0976584968008074e-06,True
exact,moment_quant_exact_samples,moment_quant_exact_samples,24,4.1740124426944026e-05,6.374210611137561e-05,0.9999585799275018,4.74670063605618e-05,-5.726881933617776e-06,-1.431720483404444e-06,True
exact,moment_quant_exact_samples,moment_quant_exact_samples,28,5.423106173728104e-05,5.8625989350346705e-05,0.9999955902891184,5.909628577946088e-05,-4.865224042179836e-06,-1.216306010544959e-06,True
exact,moment_quant_exact_samples,moment_quant_exact_samples,30,5.8723647318975366e-05,5.964253777890886e-05,0.9997403149348714,5.932235579076295e-05,-5.987084717875871e-07,-1.4967711794689678e-07,True
exact,moment_quant_exact_samples,moment_quant_exact_samples,31,6.122513546723424e-05,5.460615451807346e-05,0.9997715562944858,5.953476290404628e-05,1.6903725631879613e-06,4.2259314079699033e-07,True
exact,moment_quant_exact_samples,moment_quant_exact_samples,32,6.38748156731209e-05,6.0036665987779904e-05,0.9998217825413571,6.068984308680531e-05,3.1849725863155904e-06,7.962431465788976e-07,True
exact,moment_quant_exact_samples,moment_quant_exact_samples,33,6.502404277799788e-05,6.343144578449623e-05,0.9993389405504806,6.280802677133092e-05,2.21601600666696e-06,5.5400400166674e-07,True
exact,moment_quant_exact_samples,moment_quant_exact_samples,40,7.91521381052282e-05,6.458330480096404e-05,0.9999885409514317,0.0001026320959205168,-2.34799578152886e-05,-5.86998945382215e-06,True
exact,moment_quant_exact_samples,moment_quant_exact_samples,48,9.628887735870004e-05,6.269691973899557e-05,0.9999422970543864,0.0001045072613036894,-8.218383944989363e-06,-2.0545959862473406e-06,True
exact,moment_quant_exact_samples,moment_quant_exact_samples,56,0.00012240035971389785,5.921772608511304e-05,0.9999914755781238,0.00013245591818952362,-1.0055558475625769e-05,-2.513889618906442e-06,True
exact,moment_quant_exact_samples,moment_quant_exact_samples,62,0.00013649184727797999,4.970596824698635e-05,0.9998932472654309,0.0001330146669607023,3.4771803172776777e-06,8.692950793194194e-07,True
exact,moment_quant_exact_samples,moment_quant_exact_samples,63,0.0001381246830271609,5.7264720870166395e-05,0.9999596677675726,0.0001322565350239985,5.868148003162398e-06,1.4670370007905994e-06,True
exact,moment_quant_exact_samples,moment_quant_exact_samples,64,0.00014052161051805292,4.883473528775935e-05,0.9998900905228748,0.00013305749132901692,7.464119189035996e-06,1.866029797258999e-06,True
exact,moment_quant_exact_samples,moment_quant_exact_samples,65,0.00014291226231166526,4.85019247274716e-05,0.999836896248907,0.00013473325355216445,8.179008759500806e-06,2.0447521898752014e-06,True
exact,moment_quant_exact_samples,moment_quant_exact_samples,80,0.0001623431010438858,5.333073090370927e-05,0.9999512918724185,0.00020909998150215648,-4.6756880458270674e-05,-1.1689220114567669e-05,True
exact,moment_quant_exact_samples,moment_quant_exact_samples,88,0.00016797910684092173,4.8217078502122435e-05,0.9998751460387544,0.00019992247672776875,-3.1943369886847025e-05,-7.985842471711756e-06,True
exact,moment_quant_exact_samples,moment_quant_exact_samples,96,0.00017335368001231851,5.26007756230592e-05,0.9999857419595778,0.00017640992332845253,-3.0562433161340113e-06,-7.640608290335028e-07,True
exact,moment_quant_exact_samples,moment_quant_exact_samples,126,0.00020550097611099624,6.169453109265146e-05,0.999995245635471,0.00014261735903753694,6.28836170734593e-05,1.5720904268364823e-05,True
exact,moment_quant_exact_samples,moment_quant_exact_samples,127,0.00020836765836296234,5.961478811451756e-05,0.9999865237491267,0.00013843960830073148,6.992805006223086e-05,1.7482012515557716e-05,True
exact,moment_quant_exact_samples,moment_quant_exact_samples,128,0.0002057582136712964,6.604061445328353e-05,0.9999917310147824,0.00013602926986135664,6.972894380993976e-05,1.743223595248494e-05,True
exact,moment_quant_exact_samples,moment_quant_exact_samples,129,0.00020961648645301682,6.746257957140488e-05,0.9999536878380981,0.0001362191399411595,7.339734651185732e-05,1.834933662796433e-05,True
exact,moment_quant_exact_samples,moment_quant_exact_samples,192,0.00026416497047028644,6.292839217995155e-05,0.9996730409965378,0.0002729474776377251,-8.782507167438673e-06,-2.1956267918596682e-06,True
exact,moment_quant_exact_samples,moment_quant_exact_samples,254,0.0003229934633906632,5.5827501343903186e-05,0.9999615944169419,0.0002517146574218432,7.127880596881998e-05,1.7819701492204995e-05,True
exact,moment_quant_exact_samples,moment_quant_exact_samples,255,0.0003216298668599553,4.5080077757789054e-05,0.999749607298016,0.00024764153900255683,7.39883278573985e-05,1.8497081964349624e-05,True
exact,moment_quant_exact_samples,moment_quant_exact_samples,256,0.0003208733849316085,6.829092818676551e-05,0.9991703207683884,0.0002461332125672452,7.47401723643633e-05,1.8685043091090823e-05,True
exact,moment_quant_exact_samples,moment_quant_exact_samples,257,0.0003253816631245289,6.827102879333456e-05,0.999998702484289,0.00024641565419153324,7.896600893299565e-05,1.9741502233248912e-05,True
exact,moment_quant_exact_samples,moment_quant_exact_samples,384,0.00044916458806801973,5.860507265354946e-05,0.9993192175642456,0.00041472033058752257,3.444425748049717e-05,8.611064370124292e-06,True
exact,moment_quant_exact_samples,moment_quant_exact_samples,510,0.000589645236280337,4.5064845890144037e-05,0.9996623389167252,0.0005489908985550837,4.065433772525325e-05,1.0163584431313312e-05,True
exact,moment_quant_exact_samples,moment_quant_exact_samples,511,0.000594595175039714,3.837145644405597e-05,0.9998257270289662,0.0005450202962500252,4.957487878968884e-05,1.239371969742221e-05,True
exact,moment_quant_exact_samples,moment_quant_exact_samples,512,0.0005878580009966022,5.726202134236311e-05,0.9999130371081616,0.0005436407396566556,4.4217261339946686e-05,1.1054315334986672e-05,True
exact,moment_quant_exact_samples,moment_quant_exact_samples,513,0.0005897881717824887,5.4184912495284006e-05,0.9996544701179242,0.0005440146589749278,4.5773512807560884e-05,1.1443378201890221e-05,True
exact,moment_quant_exact_samples,moment_quant_exact_samples,768,0.0008902450708318891,4.423386037453337e-05,0.9997342695513711,0.0008639353413543117,2.6309729477577378e-05,6.5774323693943446e-06,True
exact,moment_quant_exact_samples,moment_quant_exact_samples,1022,0.0012033557570160322,3.102623751327954e-05,0.9997177145181577,0.0012041391419217156,-7.83384905683358e-07,-1.958462264208395e-07,True
exact,moment_quant_exact_samples,moment_quant_exact_samples,1023,0.0012049858086020505,3.175396735833599e-05,0.9996544824644,0.0012002700703107648,4.715738291285717e-06,1.1789345728214292e-06,True
exact,moment_quant_exact_samples,moment_quant_exact_samples,1024,0.0012091184409750593,3.7172697462629774e-05,0.9997770933760267,0.0011990185724439235,1.0099868531135859e-05,2.5249671327839647e-06,True
exact,moment_quant_exact_samples,moment_quant_exact_samples,1025,0.0012073477867037689,8.057737961923096e-05,0.9997471113760822,0.0011994834781880208,7.86430851574811e-06,1.9660771289370274e-06,True
exact,moment_quant_exact_samples,moment_quant_exact_samples,1536,0.0018783572393394623,5.170375987500396e-05,0.9998215506780792,0.0018999319528520148,-2.1574713512552543e-05,-5.393678378138136e-06,True
exact,moment_quant_exact_samples,moment_quant_exact_samples,2046,0.0025887948990912387,8.471381658417024e-05,0.9999089782102333,0.002635298968766478,-4.6504069675239266e-05,-1.1626017418809816e-05,True
exact,moment_quant_exact_samples,moment_quant_exact_samples,2047,0.0025859466371729177,0.00019356176414076623,0.9998210674181128,0.002631530951203,-4.558431403008231e-05,-1.1396078507520577e-05,True
exact,moment_quant_exact_samples,moment_quant_exact_samples,2048,0.002588677120111236,3.161618075387721e-05,0.9999398471362522,0.00263040718020369,-4.1730060092454255e-05,-1.0432515023113564e-05,True
exact,moment_quant_exact_samples,moment_quant_exact_samples,2049,0.00265496769229216,0.00016491483523239938,0.9999913834194861,0.0026309628394502477,2.400485284191232e-05,6.00121321047808e-06,True
exact,moment_quant_exact_samples,moment_quant_exact_samples,4094,0.005701285414828602,-1.2799121399197407e-05,0.9999374882839878,0.005739023820040736,-3.773840521213365e-05,-9.434601303033412e-06,True
exact,moment_quant_exact_samples,moment_quant_exact_samples,4095,0.005683201007062297,-4.060473015820396e-05,0.9999799307019579,0.005735356621992552,-5.2155614930255063e-05,-1.3038903732563766e-05,True
exact,moment_quant_exact_samples,moment_quant_exact_samples,4096,0.005684951036913337,-7.994435807296755e-05,0.9998879491158382,0.005734360417830139,-4.94093809168027e-05,-1.2352345229200675e-05,True
exact,moment_quant_exact_samples,moment_quant_exact_samples,8192,0.012495057325118526,-0.00010382450440366826,0.9999965742492494,0.012424530424863217,7.052690025530911e-05,1.7631725063827278e-05,True
approx,moment_quant_approx_samples,moment_quant_approx_samples,9,5.044835236143939e-06,0.0015913543249465613,0.7818581528795737,2.5912623101139847e-06,2.453572926029954e-06,6.133932315074885e-07,False
approx,moment_quant_approx_samples,moment_quant_approx_samples,14,8.772590558907972e-06,0.0028442416018185884,0.5720389708793939,4.754044588105302e-06,4.01854597080267e-06,1.0046364927006675e-06,False
approx,moment_quant_approx_samples,moment_quant_approx_samples,15,9.444954983466527e-06,0.0031458688740575746,0.4787576032213475,4.884267557502071e-06,4.560687425964456e-06,1.140171856491114e-06,False
approx,moment_quant_approx_samples,moment_quant_approx_samples,16,8.74093456955932e-06,0.0034767826451118705,0.8386853549563286,5.6099164167354394e-06,3.131018152823881e-06,7.827545382059702e-07,False
approx,moment_quant_approx_samples,moment_quant_approx_samples,17,1.0972855353186579e-05,0.0037128657265341246,0.6205660948424805,6.29848888541492e-06,4.674366467771659e-06,1.1685916169429147e-06,False
approx,moment_quant_approx_samples,moment_quant_approx_samples,20,1.2582587278531203e-05,0.003937380039282479,0.5892289325544307,7.431242287562068e-06,5.1513449909691345e-06,1.2878362477422836e-06,False
approx,moment_quant_approx_samples,moment_quant_approx_samples,24,1.496038726515808e-05,0.004801253768186542,0.5802257408443443,8.94054240144853e-06,6.01984486370955e-06,1.5049612159273876e-06,False
approx,moment_quant_approx_samples,moment_quant_approx_samples,28,1.9351422500536064e-05,0.0065545368473441225,0.5183024043068185,1.086727411344011e-05,8.484148387095955e-06,2.1210370967739886e-06,False
approx,moment_quant_approx_samples,moment_quant_approx_samples,30,2.0885292560998865e-05,0.007163754403517854,0.4974250174605427,1.1798577804683835e-05,9.08671475631503e-06,2.2716786890787574e-06,False
approx,moment_quant_approx_samples,moment_quant_approx_samples,31,2.1024319023251668e-05,0.007436494823060951,0.511524188705041,1.1961128715200715e-05,9.063190308050952e-06,2.265797577012738e-06,False
approx,moment_quant_approx_samples,moment_quant_approx_samples,32,2.2768888149242786e-05,0.007774316729371626,0.5913822372688351,1.328284300502359e-05,9.486045144219196e-06,2.371511286054799e-06,False
approx,moment_quant_approx_samples,moment_quant_approx_samples,33,2.417439123929248e-05,0.008013184156431924,0.6699372004997768,1.4556704923919209e-05,9.617686315373273e-06,2.4044215788433182e-06,False
approx,moment_quant_approx_samples,moment_quant_approx_samples,40,2.4857051332738064e-05,0.008428192028995586,0.8336644773529166,1.734721251448145e-05,7.509838818256613e-06,1.8774597045641533e-06,False
approx,moment_quant_approx_samples,moment_quant_approx_samples,48,3.2642619891784e-05,0.010334911322117585,0.6052427586868812,2.074495814130159e-05,1.1897661750482409e-05,2.9744154376206022e-06,False
approx,moment_quant_approx_samples,moment_quant_approx_samples,56,4.182017809612262e-05,0.014047297918667137,0.46692211425061014,2.5085870096392503e-05,1.673430799973012e-05,4.18357699993253e-06,False
approx,moment_quant_approx_samples,moment_quant_approx_samples,62,4.5744567958854475e-05,0.01599472756537065,0.4870736226629522,2.7574299333025682e-05,1.8170268625828792e-05,4.542567156457198e-06,False
approx,moment_quant_approx_samples,moment_quant_approx_samples,63,4.739411969555419e-05,0.01623115251604339,0.3752024404003781,2.776917818466267e-05,1.9624941510891518e-05,4.9062353777228796e-06,False
approx,moment_quant_approx_samples,moment_quant_approx_samples,64,4.6166664264392594e-05,0.016556830862197634,0.46809337806644125,2.802615475552825e-05,1.8140509508864345e-05,4.535127377216086e-06,False
approx,moment_quant_approx_samples,moment_quant_approx_samples,65,4.7666912022662857e-05,0.01676377585227921,0.4146689330676554,2.8214366535472734e-05,1.9452545487190123e-05,4.863136371797531e-06,False
approx,moment_quant_approx_samples,moment_quant_approx_samples,80,5.063909463900486e-05,0.015205917419371199,0.5495850903690274,3.2059869103063536e-05,1.8579225535941322e-05,4.6448063839853305e-06,False
approx,moment_quant_approx_samples,moment_quant_approx_samples,88,5.0679088437052475e-05,0.01516945983133983,0.7066738357809117,3.3785016407030366e-05,1.689407203002211e-05,4.223518007505527e-06,False
approx,moment_quant_approx_samples,moment_quant_approx_samples,96,5.531807451966686e-05,0.015966727924659398,0.6888128957870776,3.66221286344816e-05,1.8695945885185257e-05,4.673986471296314e-06,False
approx,moment_quant_approx_samples,moment_quant_approx_samples,126,6.943019544871619e-05,0.017468779167635947,0.7355798498021793,4.3208663673851936e-05,2.6221531774864254e-05,6.5553829437160635e-06,False
approx,moment_quant_approx_samples,moment_quant_approx_samples,127,7.156876101020379e-05,0.01748490062950576,0.7672082905720521,4.337505182888626e-05,2.819370918131753e-05,7.048427295329383e-06,False
approx,moment_quant_approx_samples,moment_quant_approx_samples,128,7.179079175070474e-05,0.017480692694449802,0.6896161761058732,4.360353770314918e-05,2.818725404755556e-05,7.04681351188889e-06,False
approx,moment_quant_approx_samples,moment_quant_approx_samples,129,7.054608294700809e-05,0.01751031235122717,0.7344737652161264,4.3777504134792334e-05,2.676857881221576e-05,6.69214470305394e-06,False
approx,moment_quant_approx_samples,moment_quant_approx_samples,192,8.077906409016272e-05,0.013086116855079977,0.9457110870927382,5.882058603175432e-05,2.19584780584084e-05,5.4896195146021e-06,False
approx,moment_quant_approx_samples,moment_quant_approx_samples,254,0.00010668029927447143,0.013165769206104481,0.9588711793390102,7.260759835449887e-05,3.407270091997256e-05,8.51817522999314e-06,False
approx,moment_quant_approx_samples,moment_quant_approx_samples,255,0.00010269154087572986,0.01321768754984965,0.9650311535433759,7.277398650953319e-05,2.991755436619667e-05,7.479388591549168e-06,False
approx,moment_quant_approx_samples,moment_quant_approx_samples,256,0.00010170229544226941,0.013265107838054417,0.9696209382014893,7.300722083322989e-05,2.8695074609039523e-05,7.173768652259881e-06,False
approx,moment_quant_approx_samples,moment_quant_approx_samples,257,0.00010690426013529348,0.013232499216296587,0.9653558650172664,7.318118726487304e-05,3.3723072870420434e-05,8.430768217605109e-06,False
approx,moment_quant_approx_samples,moment_quant_approx_samples,384,0.00014907406916320255,0.020798932677156882,0.9875898686066932,0.00010270055937877098,4.637350978443157e-05,1.1593377446107893e-05,False
approx,moment_quant_approx_samples,moment_quant_approx_samples,510,0.00019594605930705762,0.021253944324399653,0.992250875698181,0.00013170462003012068,6.424143927693694e-05,1.6060359819234235e-05,False
approx,moment_quant_approx_samples,moment_quant_approx_samples,511,0.00019825312619532512,0.02123747613548255,0.9901477742022808,0.000131871008185155,6.63821180101701e-05,1.6595529502542527e-05,False
approx,moment_quant_approx_samples,moment_quant_approx_samples,512,0.00019978467339346688,0.02133469977858027,0.985521061065832,0.0001321042425088517,6.768043088461518e-05,1.6920107721153795e-05,False
approx,moment_quant_approx_samples,moment_quant_approx_samples,513,0.00020102647759819825,0.021342975407965793,0.9822927025041571,0.00013227820894049487,6.874826865770338e-05,1.7187067164425846e-05,False
approx,moment_quant_approx_samples,moment_quant_approx_samples,768,0.00027906607503184674,0.024324601016122965,0.9966762940990654,0.0001912012641844735,8.786481084737324e-05,2.196620271184331e-05,False
approx,moment_quant_approx_samples,moment_quant_approx_samples,1022,0.0003634367486654577,0.024462064040484514,0.9973521517548447,0.0002498986633813643,0.00011353808528409342,2.8384521321023356e-05,False
approx,moment_quant_approx_samples,moment_quant_approx_samples,1023,0.00036371438234402906,0.024269655641508646,0.9977206482951876,0.00025006505153639863,0.00011364933080763043,2.8412332701907607e-05,False
approx,moment_quant_approx_samples,moment_quant_approx_samples,1024,0.0003586437129461644,0.02452085028275252,0.9976273659819753,0.00025029828586009534,0.00010834542708606907,2.7086356771517268e-05,False
approx,moment_quant_approx_samples,moment_quant_approx_samples,1025,0.0003607645072326784,0.02445350857246299,0.9972597524730773,0.00025047225229173845,0.00011029225494093995,2.7573063735234987e-05,False
approx,moment_quant_approx_samples,moment_quant_approx_samples,1536,0.0005094952775806395,0.024684976539354204,0.9927416491027996,0.00036849232921133896,0.0001410029483693005,3.5250737092325127e-05,False
approx,moment_quant_approx_samples,moment_quant_approx_samples,2046,0.0006611703463550965,0.024916188208799716,0.9910883664182341,0.00048628675008385153,0.00017488359627124497,4.372089906781124e-05,False
approx,moment_quant_approx_samples,moment_quant_approx_samples,2047,0.000668673512614479,0.024830990977900976,0.9910119205586433,0.00048645313823888586,0.00018222037437559316,4.555509359389829e-05,False
approx,moment_quant_approx_samples,moment_quant_approx_samples,2048,0.0006655024665489107,0.024887732813399427,0.9909370360096079,0.00048668637256258257,0.00017881609398632815,4.470402349658204e-05,False
approx,moment_quant_approx_samples,moment_quant_approx_samples,2049,0.0007211993657587878,0.024876215387139567,0.994686331832071,0.00048686033899422574,0.00023433902676456205,5.858475669114051e-05,False
approx,moment_quant_approx_samples,moment_quant_approx_samples,4094,0.0013079549148205898,0.025529674110395643,0.9906501569959322,0.0009590629234888261,0.0003488919913317637,8.722299783294092e-05,False
approx,moment_quant_approx_samples,moment_quant_approx_samples,4095,0.0012769389361225326,0.02525559211940863,0.986083759916435,0.0009592293116438604,0.00031770962447867223,7.942740611966806e-05,False
approx,moment_quant_approx_samples,moment_quant_approx_samples,4096,0.0012717663721141202,0.025222689520471273,0.9866214935640564,0.0009594625459675571,0.00031230382614656316,7.807595653664079e-05,False
approx,moment_quant_approx_samples,moment_quant_approx_samples,8192,0.002529830126998515,0.026432856768980374,0.9906767156251236,0.001905014892777506,0.0006248152342210088,0.0001562038085552522,False
