l,Variant,Run,Runtime
1024,keyvalue,18,1.163658400037093e-05
32,keyvalue,37,8.003479500075628e-07
8,keyvalue,12,6.39753319992451e-07
1024,indirect,20,1.3041915997746401e-05
2048,indirect,31,4.800832999535487e-05
256,indirect,20,3.0514375002894665e-06
65536,keyvalue,9,0.004357666666389075
8,keyvalue,0,6.164808399989852e-07
128,indirect,11,1.7493750001449372e-06
4096,keyvalue,36,0.00014305999999123743
512,direct,30,4.578707999826292e-06
64,indirect,29,1.1012167000444605e-06
8,direct,24,3.7286583999957656e-07
1024,keyvalue,26,1.196983399859164e-05
8192,keyvalue,18,0.00039444416001060745
512,direct,31,4.3721250003727615e-06
64,keyvalue,7,1.0268500000165658e-06
2048,indirect,32,3.049250000003667e-05
32768,direct,11,0.0019041910001457534
32768,keyvalue,21,0.0020289861666545526
64,indirect,39,1.1043708000215702e-06
8192,indirect,0,0.0004862275000050431
64,direct,38,7.156790999943041e-07
4,indirect,0,6.208633400092367e-07
128,keyvalue,35,1.6330917998857331e-06
2048,indirect,20,3.236249999645224e-05
32768,direct,35,0.0018557083333992825
64,indirect,31,1.0823041000548984e-06
8,indirect,6,6.331016600233852e-07
8192,keyvalue,11,0.00042787750000570666
8192,keyvalue,23,0.00043550665999646297
128,indirect,15,1.8199000001914101e-06
262144,indirect,0,0.02320554149991949
8192,direct,34,0.00036488666002696844
4,keyvalue,15,6.218400000216207e-07
64,direct,36,7.712250000622589e-07
32768,direct,27,0.0018819339999633182
2048,keyvalue,0,7.026020500234154e-05
16384,keyvalue,26,0.0008753299999807496
512,keyvalue,25,5.360584000300151e-06
32768,keyvalue,18,0.0020013575834430717
32,indirect,9,7.964333000018086e-07
262144,keyvalue,3,0.019826833499791974
32,indirect,14,8.045645500715182e-07
32768,direct,36,0.0019077951666683173
16,keyvalue,26,7.113000000269191e-07
8192,indirect,9,0.0005063866599812172
32,indirect,23,8.029999999962456e-07
8,keyvalue,30,6.073341599767445e-07
128,direct,23,1.2424999997165287e-06
2048,direct,6,4.567020999274973e-05
8192,keyvalue,8,0.00038749333998566726
8,keyvalue,21,6.33410839982389e-07
16384,keyvalue,23,0.0009300200000143378
4194304,indirect,7,0.5102755420011817
32,indirect,16,8.305520500471175e-07
8192,keyvalue,5,0.0003918933200111496
512,direct,37,4.649250000511529e-06
512,indirect,0,5.9877919993596154e-06
64,indirect,35,1.0977333000482758e-06
8192,keyvalue,6,0.0003915575000064564
1024,indirect,17,1.4107499999227003e-05
32768,keyvalue,2,0.001976520833371372
4,indirect,4,6.599333199847024e-07
8,indirect,15,6.496024999796646e-07
32,direct,23,5.070708499260945e-07
512,keyvalue,37,5.328417000782793e-06
32,keyvalue,3,7.790646000103152e-07
32768,keyvalue,24,0.0020286249999420156
4096,keyvalue,23,0.00015988375000233645
128,direct,34,1.2350500001048203e-06
16,keyvalue,37,7.196083333231703e-07
4096,direct,12,0.00013553124999816647
16384,indirect,28,0.0011156333600229119
32768,direct,14,0.0019558854166158803
65536,direct,0,0.00414036800005609
4,direct,21,3.581266599940136e-07
8,keyvalue,5,6.293308200110914e-07
4194304,indirect,5,0.5034688329997152
2048,indirect,23,3.0443750001722948e-05
65536,indirect,4,0.005226034833261413
32,keyvalue,22,8.139208500324458e-07
512,indirect,4,6.0411670001485615e-06
8192,indirect,18,0.00048166499997023495
128,indirect,8,1.7945750001672423e-06
256,keyvalue,29,2.815833499880682e-06
16,keyvalue,3,7.50984733349469e-07
4,direct,16,3.687949999948614e-07
4,indirect,36,6.374925000272924e-07
32,direct,9,5.25400000060472e-07
8,direct,5,3.723675000219373e-07
256,keyvalue,16,2.8668545000982704e-06
16,keyvalue,12,7.347680667104821e-07
4096,direct,20,0.00013301625000167405
512,indirect,21,6.3687919991934905e-06
4096,keyvalue,15,0.00014139124999928754
4096,direct,4,0.0001745074999962526
16384,keyvalue,20,0.0009302266800659709
16384,indirect,23,0.0010658483199949842
8,keyvalue,10,6.249724999725004e-07
1024,keyvalue,12,1.2515499998698943e-05
32,indirect,35,8.569041499868036e-07
16,direct,10,4.563083333778195e-07
4096,keyvalue,27,0.00016058917000918882
32768,indirect,0,0.0024440243332719547
2048,keyvalue,15,6.33629200001451e-05
32,indirect,10,8.390417000555317e-07
262144,direct,0,0.018546166499618266
1048576,keyvalue,4,0.08542183400095382
32768,indirect,33,0.002364041666775544
128,indirect,39,1.7401000000973e-06
16,direct,32,4.311083333353357e-07
512,direct,7,4.453333000128623e-06
4096,indirect,28,0.00020819708999624708
512,keyvalue,1,5.4812910002510766e-06
32,indirect,20,8.049291499446554e-07
64,direct,32,7.393875001071137e-07
32,direct,19,5.023666999477428e-07
16,direct,39,4.2754306668939533e-07
16,keyvalue,29,6.982055666715799e-07
256,indirect,32,3.169874999912281e-06
1024,keyvalue,39,1.093383400075254e-05
64,keyvalue,18,1.035112499994284e-06
512,keyvalue,6,5.346791000192752e-06
2048,keyvalue,19,3.724479000084102e-05
64,keyvalue,10,1.0365541998908156e-06
16,keyvalue,33,7.015236333245411e-07
16,keyvalue,32,7.280083333171206e-07
256,direct,24,2.2198335000211956e-06
4096,keyvalue,16,0.00014332499998999992
512,keyvalue,18,5.6049590002658075e-06
512,keyvalue,7,5.318916999385693e-06
256,keyvalue,36,2.8952499997103587e-06
32768,keyvalue,23,0.0020071041667506506
32768,direct,22,0.0018959062501077522
8,keyvalue,18,6.288474999746541e-07
16,keyvalue,18,6.715625000045596e-07
1048576,indirect,7,0.10506095799973991
8192,indirect,2,0.00047241418000339765
512,indirect,27,6.243625000934116e-06
262144,keyvalue,6,0.01951643749998766
2048,direct,5,2.2463750001406878e-05
4096,indirect,4,0.00016604874999757158
128,keyvalue,10,1.5927334003208671e-06
16384,direct,22,0.0008869833600329002
262144,indirect,8,0.03530122899974231
1024,keyvalue,13,1.112250000005588e-05
4,indirect,9,6.10856679995777e-07
64,indirect,12,1.097329199910746e-06
1024,indirect,14,1.2745084000925999e-05
256,direct,0,2.3369584996544292e-06
4096,keyvalue,29,0.00014468416999079635
1024,indirect,26,1.339541599736549e-05
65536,keyvalue,4,0.004357125000145364
16,indirect,37,6.947847333625153e-07
2048,indirect,34,3.300645999843255e-05
128,indirect,9,1.7986915998335462e-06
1048576,indirect,3,0.10624683400055801
32,direct,6,5.094895500405982e-07
32,direct,0,5.147353999745974e-07
512,indirect,25,6.548999999722583e-06
1024,direct,8,9.561333998135524e-06
16,indirect,13,7.304208333152929e-07
4,keyvalue,5,6.227841600048123e-07
4194304,keyvalue,11,0.40950912500011327
262144,direct,11,0.018051396000373643
2048,keyvalue,21,3.12647949976963e-05
512,direct,28,4.556500000035157e-06
8192,indirect,36,0.0004679491799834068
512,direct,36,4.480749999856925e-06
4,keyvalue,7,6.032741799936047e-07
4194304,keyvalue,10,0.3752317500002391
8,direct,4,3.7999084001057783e-07
256,indirect,0,3.1976874997781124e-06
32,direct,37,5.182707999665581e-07
8192,direct,39,0.00037652917999366766
64,indirect,22,1.0857958000997314e-06
512,keyvalue,14,5.475333000504179e-06
512,direct,6,4.504124999584746e-06
16384,direct,26,0.0008830049999960465
64,direct,29,7.05904099959298e-07
64,keyvalue,27,1.0109540999110322e-06
128,keyvalue,22,1.722741599951405e-06
16384,keyvalue,33,0.000939743359995191
65536,keyvalue,8,0.004367986000033852
32,indirect,33,8.28472899956978e-07
8192,direct,29,0.00040971665999677497
1024,indirect,32,1.2531249998573913e-05
32768,keyvalue,1,0.001983833333270013
2048,direct,24,5.5319164994216406e-05
32768,direct,25,0.001871645833337728
8,indirect,20,6.312016599986237e-07
2048,direct,33,4.0550624999013965e-05
8192,direct,0,0.0003705700000136858
32768,direct,32,0.0018724930000644235
2048,indirect,15,8.554103999813378e-05
2048,indirect,22,5.852250000316417e-05
2048,indirect,10,2.922083500379813e-05
4096,direct,10,0.00013105542000630522
16384,indirect,20,0.0010911583200504539
512,indirect,1,6.0112500013929095e-06
32,direct,20,5.417520999799308e-07
64,direct,21,7.261667000420857e-07
8192,keyvalue,0,0.0004145450000214623
64,direct,1,7.362166001257719e-07
4,keyvalue,31,6.062108399783028e-07
256,indirect,4,3.0550414994650053e-06
64,indirect,18,1.1283709000053932e-06
32,keyvalue,12,7.788124999933643e-07
16,direct,31,4.2799166670495955e-07
8,indirect,12,6.334475000039675e-07
16384,indirect,9,0.0011122400000022027
64,direct,35,6.761209000615054e-07
4194304,direct,8,0.3576784159995441
64,direct,37,7.507083000746206e-07
4096,direct,5,0.00014997041000242462
2048,indirect,18,9.171770499960985e-05
8,direct,15,3.8509083999088036e-07
65536,indirect,3,0.005205173666581686
16384,keyvalue,36,0.0009666450000077021
64,direct,28,7.37825000032899e-07
8,direct,7,3.879075000077137e-07
1048576,keyvalue,10,0.08506029199998011
1024,keyvalue,30,1.2811084001441485e-05
2048,indirect,7,4.6633960000690425e-05
4096,indirect,14,0.00015889833000983343
128,direct,1,1.2116750000132016e-06
64,direct,34,7.167957999627106e-07
1024,keyvalue,2,1.7981916000280763e-05
8,indirect,8,6.243416799770784e-07
4,direct,24,3.598416600289056e-07
65536,indirect,1,0.0051843679999971455
512,indirect,11,6.007083000440616e-06
4096,keyvalue,34,0.00014523333999022725
64,direct,18,7.215083000119194e-07
262144,direct,10,0.018310729499717127
16,keyvalue,10,7.08605566675639e-07
8,indirect,18,6.460041600075783e-07
128,indirect,3,1.8285915997694247e-06
4096,keyvalue,12,0.00014093041001615348
65536,keyvalue,7,0.004362645833377125
256,indirect,3,3.0772079999223933e-06
16,indirect,0,7.223958333270275e-07
8,keyvalue,3,6.40037500015751e-07
16384,direct,17,0.0008809199999814155
128,indirect,7,1.8862418000935576e-06
512,indirect,38,6.170500000735046e-06
4,indirect,26,6.111733400030062e-07
4,keyvalue,2,6.269299999985378e-07
4194304,indirect,0,0.5101708330003021
16384,direct,28,0.0008818983200035291
32768,direct,0,0.0019092152500282584
512,direct,39,4.450165999514866e-06
16384,direct,4,0.0008583366800303338
4194304,keyvalue,1,0.3767026249988703
256,direct,23,2.2263540004132665e-06
32768,direct,9,0.0018979374999616994
2048,keyvalue,39,5.831374999615946e-05
64,keyvalue,4,1.0401833000287297e-06
64,keyvalue,6,9.937541999534005e-07
8,direct,23,3.717166799833649e-07
4,indirect,28,6.13615820002451e-07
128,keyvalue,2,1.6007500002160668e-06
32768,indirect,19,0.0023558958332614566
256,keyvalue,17,2.873729000384628e-06
32,direct,3,5.129854500410147e-07
2048,indirect,19,6.0361460000422085e-05
512,direct,29,4.480916999455075e-06
8,keyvalue,25,6.259791800039239e-07
32,indirect,12,8.298875000036787e-07
4,direct,1,3.668083400043542e-07
2048,direct,25,2.3998329997994005e-05
2048,keyvalue,4,3.109666999989713e-05
4096,keyvalue,32,0.0001368683300097473
4194304,direct,9,0.35683691700069176
32,indirect,37,8.188458000404352e-07
2048,indirect,35,3.115437500127882e-05
16,keyvalue,19,6.718708333210088e-07
4,keyvalue,36,6.165025000154856e-07
128,direct,35,1.2448665998817886e-06
4,indirect,22,6.282516600185772e-07
32,direct,32,5.284354499963229e-07
2048,direct,23,2.373770999838598e-05
32768,keyvalue,27,0.001964458333380511
4096,indirect,33,0.0002050141700055974
2048,direct,7,7.876499999838415e-05
256,keyvalue,25,2.84547899991594e-06
256,keyvalue,10,2.8040625002176967e-06
32768,keyvalue,0,0.0019931562499853803
4096,indirect,12,0.00021083999999973457
4,direct,13,3.715933400235372e-07
4,indirect,12,5.937475000246195e-07
512,indirect,30,6.091582999943057e-06
8192,direct,16,0.00037164166002185084
4096,direct,32,0.00014852166999844484
256,indirect,39,3.186083499713277e-06
16384,indirect,6,0.0010929566800041356
8,indirect,39,6.357141599801252e-07
512,direct,14,4.637666999769863e-06
1048576,direct,6,0.08243791700078873
8192,indirect,20,0.0004650441800185945
64,indirect,15,1.1514540999996824e-06
16384,direct,31,0.0008647633199871052
1024,keyvalue,6,1.1053334001189796e-05
8192,direct,35,0.00039175582001917065
8192,indirect,28,0.0004962874999910128
16384,keyvalue,16,0.0009184749999985798
256,direct,20,2.239812499283289e-06
1024,indirect,11,1.2598749999597202e-05
16,keyvalue,14,7.18052766690865e-07
4,keyvalue,37,6.046383399734623e-07
64,direct,3,7.025249999060179e-07
1024,direct,9,9.322582001914271e-06
8,direct,13,3.70897499997227e-07
512,indirect,15,6.053499999325141e-06
4096,indirect,38,0.0001981254200109106
32768,indirect,36,0.002378406250045373
512,indirect,28,5.953208001301391e-06
4096,indirect,17,0.00017358708000756451
512,direct,15,4.704166000010446e-06
4096,keyvalue,8,0.00019058249999943656
8,indirect,38,6.543524999869988e-07
512,indirect,34,6.24779200006742e-06
256,direct,7,2.2202914997251355e-06
128,direct,28,1.2683831999311223e-06
256,direct,28,2.3228960008054857e-06
2048,keyvalue,37,4.447895499652077e-05
256,indirect,7,3.2504584996786436e-06
8192,indirect,10,0.0004885666600239347
512,direct,21,4.771750000145403e-06
1024,keyvalue,31,1.587124999787193e-05
32,indirect,17,8.227145999626373e-07
64,direct,24,7.081208999807131e-07
4096,direct,36,0.00012379791998682777
1024,keyvalue,20,1.2880082002084236e-05
8192,indirect,3,0.0005020049999802722
8,direct,37,3.8595168000028936e-07
4194304,direct,2,0.3604254170004424
65536,indirect,6,0.005176979166511349
32,direct,22,5.154082999979437e-07
1024,indirect,6,1.256233399908524e-05
32768,keyvalue,38,0.002028840250053084
4,keyvalue,10,6.077458200161345e-07
32768,indirect,34,0.002391791666620217
32768,keyvalue,12,0.0020274930833087033
512,indirect,29,5.942540999967605e-06
4194304,direct,11,0.36273629199968127
4096,direct,37,0.0001570404199992481
32,keyvalue,4,7.930832999591075e-07
128,direct,8,1.1740084002667572e-06
128,indirect,34,1.740441599758924e-06
16,direct,35,4.4609306666340367e-07
128,indirect,32,1.8260084001667564e-06
32,direct,36,5.346812500647502e-07
256,keyvalue,30,2.817958499690576e-06
32,keyvalue,29,8.173312499820895e-07
8192,indirect,1,0.00046495250000589295
16384,indirect,7,0.001080563319992507
16,indirect,24,7.023722333542536e-07
32,direct,4,5.286312500174972e-07
1024,keyvalue,33,1.089499999943655e-05
8,keyvalue,13,6.089808200340485e-07
4,keyvalue,3,6.071399999927962e-07
8,direct,22,3.904666800008272e-07
64,indirect,2,1.0960583000269252e-06
256,keyvalue,0,2.780541999527486e-06
16384,keyvalue,6,0.0009333516799961217
2048,direct,16,5.03133349957352e-05
32,direct,7,5.065145500338986e-07
4096,direct,24,0.00012860957998782395
1024,direct,12,1.1800415999459801e-05
32768,keyvalue,6,0.0019986631667355446
512,indirect,32,6.030874999851221e-06
128,keyvalue,6,1.6339249999873574e-06
2048,indirect,39,3.022124999915832e-05
1048576,keyvalue,9,0.08868262500072888
2048,keyvalue,28,6.0009999997419073e-05
4,indirect,37,6.13931660009257e-07
1024,indirect,7,1.2495082002715207e-05
16384,indirect,29,0.0011136000000260538
65536,direct,8,0.0039963055002469145
4096,indirect,2,0.00021504542000911898
4096,keyvalue,5,0.00019361958000445158
8192,direct,24,0.0003837375000148313
8192,indirect,12,0.0004566275000252062
1024,keyvalue,4,1.1980584000411908e-05
4096,indirect,26,0.00015692000000854021
256,direct,14,2.239541499875486e-06
16384,keyvalue,32,0.0009607816400239244
32,indirect,28,8.331603999977233e-07
2048,keyvalue,25,3.085000000282889e-05
4096,keyvalue,17,0.000136789169991971
32,keyvalue,18,8.046000000831554e-07
4,direct,31,3.6571334003383526e-07
256,indirect,28,3.241250000428408e-06
1024,indirect,22,1.218766800229787e-05
8,indirect,13,6.277908400079468e-07
16,keyvalue,6,7.36312500036244e-07
8,keyvalue,14,6.255091799903312e-07
1048576,direct,5,0.08196312500149361
8,keyvalue,2,6.145366599957925e-07
8192,keyvalue,24,0.0004712149999977555
4,direct,4,3.5259084001154404e-07
4096,indirect,35,0.00019487999999910245
4,keyvalue,21,6.121616599921253e-07
16,keyvalue,27,7.145666666474427e-07
128,indirect,18,1.7366999996738741e-06
2048,indirect,25,3.1577500003550085e-05
256,direct,29,2.2580830000151765e-06
32768,keyvalue,20,0.0020781875000466243
128,indirect,37,1.7547581999679096e-06
2048,direct,27,5.2777079999941635e-05
1024,keyvalue,3,1.0940665997623e-05
64,direct,25,7.075999999869964e-07
16,indirect,31,7.085930667017237e-07
32,direct,13,5.195853999794053e-07
128,keyvalue,33,1.6619916001218372e-06
8192,keyvalue,26,0.0004360149999774876
16384,keyvalue,1,0.0009350750000157859
2048,indirect,4,9.439874999770836e-05
8,indirect,33,6.264458399891736e-07
2048,keyvalue,16,4.568374999507796e-05
32768,keyvalue,3,0.0020226493334121187
8192,direct,23,0.00041091416002018375
32,direct,35,5.388812499404594e-07
512,direct,10,4.485041999942041e-06
4096,direct,30,0.00017732750000504894
256,keyvalue,1,2.855479499885405e-06
64,keyvalue,26,1.0361541999373003e-06
1024,indirect,38,1.2458000001061009e-05
65536,direct,4,0.004109083333484402
512,indirect,2,5.9930419993179385e-06
2048,direct,17,2.982728999995743e-05
16384,indirect,35,0.001095993319977424
32,keyvalue,25,8.114666499750456e-07
4096,direct,33,0.00017364166998959263
65536,direct,3,0.003950979166802426
32768,indirect,30,0.0023824166666296756
64,direct,13,7.119166000848053e-07
2048,direct,14,5.480437499500113e-05
8192,keyvalue,33,0.0004129433200068888
8,keyvalue,36,6.365899999946122e-07
8,direct,6,3.598041599980206e-07
16384,direct,18,0.0008807583599991631
4,direct,9,3.510666599686374e-07
32,indirect,6,7.844895999369328e-07
16,direct,19,4.406999999749435e-07
4096,indirect,11,0.00016155874998730724
256,keyvalue,5,2.7447500006019256e-06
32768,keyvalue,15,0.0020304583332896677
32,direct,27,5.033104500398622e-07
16384,keyvalue,25,0.0009433516800345387
32768,indirect,21,0.002423940999960905
32,direct,1,4.923999999846273e-07
256,keyvalue,9,2.9303125002115848e-06
4,direct,22,3.5936666001362027e-07
262144,direct,2,0.018630333000146493
32,direct,26,5.191479000131949e-07
32,keyvalue,17,8.22008300019661e-07
4096,indirect,15,0.0001602262500091456
256,keyvalue,23,2.809104000334628e-06
4,direct,33,3.611958400142612e-07
8,direct,0,3.850258400052553e-07
512,indirect,31,6.2876249994587855e-06
256,keyvalue,35,2.7099584995085025e-06
1024,keyvalue,7,1.1018165998393669e-05
8,direct,14,3.820416799862869e-07
4096,keyvalue,30,0.00017783958001018618
512,keyvalue,11,5.550125000809203e-06
32,direct,8,5.041750000600587e-07
128,indirect,13,1.8079918001603802e-06
2048,keyvalue,18,3.452145999290224e-05
4096,direct,7,0.00017628249999688706
4,keyvalue,19,6.150041599903489e-07
4096,indirect,27,0.00017572708000443527
8192,keyvalue,16,0.0004552925000098185
2048,direct,28,6.657146000179636e-05
256,indirect,25,3.164749999996275e-06
512,indirect,33,6.236250001165899e-06
8,indirect,35,6.349491600121837e-07
128,direct,2,1.2283331998332869e-06
16,keyvalue,0,7.290944666844249e-07
32768,keyvalue,31,0.002175031250014096
1024,indirect,5,1.4973082001233707e-05
2048,indirect,38,3.1129375001910377e-05
8192,keyvalue,29,0.0003826000000117347
1024,keyvalue,8,1.1321583999233553e-05
256,direct,35,2.1750209998572244e-06
4096,keyvalue,2,0.0001352779099943291
4,keyvalue,18,5.995933200028958e-07
64,direct,6,6.832875000327476e-07
16,direct,28,4.390055666590342e-07
32768,keyvalue,34,0.002085843749985846
1024,direct,35,1.1226999999053078e-05
32,direct,16,4.854521000197565e-07
8,indirect,17,6.226949999836506e-07
4,keyvalue,24,6.114083400098025e-07
4,indirect,34,6.223591600064538e-07
2048,direct,37,2.343375000236847e-05
16384,keyvalue,29,0.0009228583599906415
16,direct,9,4.414541666847072e-07
256,direct,19,2.2950624997974954e-06
4,keyvalue,16,6.360375000076601e-07
4096,keyvalue,39,0.00017732915999658873
4,direct,7,3.614150000066729e-07
8,indirect,4,6.318241599728936e-07
1024,indirect,24,1.3488583997968818e-05
32768,indirect,8,0.002337583333276901
2048,direct,13,4.733207999379374e-05
16,keyvalue,22,6.856944333776482e-07
64,indirect,37,1.1066790999393562e-06
256,indirect,13,3.086167000219575e-06
16,direct,37,4.2870693329556767e-07
16384,indirect,34,0.0010816416799934814
4096,keyvalue,6,0.00017724291999911656
32,direct,5,5.123353999806568e-07
256,keyvalue,34,2.786916999866662e-06
2048,indirect,13,4.096416500033229e-05
64,indirect,10,1.115162499991129e-06
512,keyvalue,21,5.1809579999826385e-06
4194304,keyvalue,7,0.37568045899934077
32768,direct,33,0.0019080382500457442
1024,direct,36,9.4363339994743e-06
1048576,direct,2,0.08149041599972406
8,keyvalue,7,6.117375000030733e-07
4096,keyvalue,4,0.00013519209000151022
512,direct,2,4.505832999711856e-06
32768,direct,10,0.0019194409166326902
128,keyvalue,9,1.7058084002201212e-06
128,indirect,30,1.7765167998732068e-06
32,direct,10,4.800583000360348e-07
512,direct,8,4.547291999188019e-06
4194304,indirect,10,0.5008861250007612
512,indirect,12,6.089083000915707e-06
16,indirect,21,7.445471999744768e-07
512,indirect,7,6.1507500013249225e-06
4194304,indirect,11,0.5118000000002212
8192,keyvalue,32,0.00037825333998625865
1024,indirect,15,1.2717999998130836e-05
32,indirect,21,8.352833000571991e-07
4,direct,29,3.7252000001899435e-07
16,direct,29,4.464430666606252e-07
4,keyvalue,35,6.22579160008172e-07
4096,indirect,5,0.0001595945799999754
4,indirect,10,6.26404159993399e-07
4,direct,30,3.682299999854877e-07
16384,indirect,22,0.0010919583200302441
64,keyvalue,17,1.0250999999698252e-06
16384,direct,16,0.0008692266800062498
64,indirect,17,1.1012625000148547e-06
512,indirect,26,6.078042000808637e-06
32768,indirect,38,0.0024221875000876025
2048,direct,8,6.020021000040288e-05
256,direct,15,2.2125625000626314e-06
8,direct,32,3.751525000188849e-07
128,direct,24,1.213975000064238e-06
512,indirect,17,6.197291999342269e-06
512,keyvalue,22,5.230875000052038e-06
4,indirect,29,6.047458400280448e-07
8192,indirect,34,0.00048164750001888023
2048,direct,31,4.157187499913562e-05
16,indirect,32,6.995777999691199e-07
16,indirect,15,6.868236333199699e-07
256,direct,25,2.1973125003569292e-06
262144,indirect,1,0.023045521000312874
128,indirect,28,1.7143668002972845e-06
16,indirect,4,6.79119466682702e-07
8192,direct,13,0.00037384499999461697
262144,indirect,9,0.02304364599967812
32768,direct,1,0.0019340520833187231
8192,indirect,35,0.0005046233400207711
64,keyvalue,23,1.0053749998405692e-06
16,indirect,18,7.027041666636554e-07
512,keyvalue,15,5.6050410003081194e-06
2048,indirect,37,3.0319375000544823e-05
1024,keyvalue,9,1.1073167999711585e-05
16384,indirect,31,0.0011029466800391674
64,keyvalue,24,1.0267500001646113e-06
8192,keyvalue,13,0.00038866333998157645
4096,direct,11,0.0001665783300086332
1048576,direct,0,0.0814579589987261
16,direct,16,4.266014000071057e-07
8,indirect,23,6.401033200017992e-07
32768,indirect,5,0.002473027749905062
512,indirect,9,6.114416999480455e-06
512,indirect,16,6.270417001360329e-06
128,indirect,1,1.7414832000213209e-06
1024,direct,24,9.64274999932968e-06
128,direct,15,1.2215000002470332e-06
8192,indirect,22,0.0004911875000107102
8,keyvalue,6,6.291866599713103e-07
8192,direct,30,0.000368458320008358
16,direct,34,4.079250000359025e-07
1024,keyvalue,10,1.3261166001029778e-05
262144,direct,6,0.018557541500740626
1048576,direct,10,0.0814027910000732
256,direct,22,2.216437499555468e-06
4194304,keyvalue,4,0.37666312500005006
2048,keyvalue,24,6.250041999919631e-05
256,keyvalue,27,2.7383960004954133e-06
32,direct,14,5.13908349967096e-07
16,indirect,35,6.950416666465268e-07
8,direct,16,3.703749999840511e-07
128,direct,5,1.207925000198884e-06
8192,direct,4,0.0003745666599934339
65536,direct,1,0.004053965333393232
32,keyvalue,19,7.896562499809079e-07
16384,direct,37,0.0008849566800199682
8,indirect,29,6.258008399890969e-07
32,indirect,27,8.184416499716463e-07
8,indirect,11,6.234799999947427e-07
8192,indirect,11,0.0005197808199955034
8,indirect,16,6.128275000082794e-07
128,direct,6,1.163749999977881e-06
32768,indirect,27,0.0023783680832517953
32,direct,38,5.085396000140463e-07
64,direct,23,7.06266700035485e-07
65536,keyvalue,11,0.00425007649998103
4,direct,25,3.6775249998754587e-07
1048576,keyvalue,3,0.08562350000102015
16384,indirect,18,0.0010728349999408237
2048,direct,10,5.0511250001363806e-05
512,direct,5,4.348416001448641e-06
256,direct,10,2.246958500109031e-06
8,direct,28,3.736891600055969e-07
4096,indirect,19,0.00016186542001378257
128,keyvalue,26,1.704874999995809e-06
512,indirect,19,6.125500000052852e-06
4096,direct,13,0.00014114415998847107
16384,indirect,27,0.0011458850000053643
4194304,keyvalue,3,0.37452950000079
512,keyvalue,13,5.397750001066015e-06
2048,direct,11,3.027875000043423e-05
8192,direct,2,0.000379544999996142
4194304,direct,0,0.36167195800044283
1024,indirect,27,1.2475500003347406e-05
64,indirect,21,1.1329500001011183e-06
128,direct,29,1.2219166001159465e-06
8192,indirect,24,0.0005018491599912522
1048576,keyvalue,6,0.08708354100053839
8,direct,9,3.767658400101936e-07
4096,direct,17,0.00017856332999144798
8,keyvalue,17,6.318083400037722e-07
32768,keyvalue,8,0.0020576805000018794
2048,keyvalue,12,6.385166499967454e-05
262144,direct,8,0.01879520849979599
512,keyvalue,32,5.583957999988343e-06
16,direct,18,4.26627766622308e-07
4,keyvalue,28,6.210983399796533e-07
8,direct,10,3.713058400171576e-07
8192,indirect,29,0.0004832941599670448
4194304,indirect,4,0.507431041000018
128,keyvalue,23,1.6215915999055142e-06
16,indirect,30,7.149249999808186e-07
1024,indirect,8,1.2952500001119915e-05
16384,indirect,14,0.0010945483200339367
4,direct,11,3.702566799984197e-07
16,indirect,36,7.313944333873224e-07
16,direct,6,4.4142499997785006e-07
32,indirect,13,8.599521000178357e-07
64,keyvalue,19,1.029545799974585e-06
64,indirect,16,1.1436499999035732e-06
4096,keyvalue,13,0.00014371166998898842
64,keyvalue,30,1.0467249998328043e-06
4096,direct,21,0.0001756470799955423
32,keyvalue,5,8.076999999502731e-07
32768,indirect,18,0.002440277749883535
64,indirect,34,1.1085959000411095e-06
16384,direct,1,0.0009154983200278366
8192,keyvalue,27,0.00044322334000753474
8,keyvalue,32,6.439333199887187e-07
8,direct,34,3.7939331999950807e-07
128,direct,38,1.2072000001353445e-06
64,keyvalue,35,1.060308300111501e-06
4096,indirect,23,0.00020391000000017813
256,direct,38,2.2411669997381978e-06
1024,keyvalue,27,1.1094500001490814e-05
16384,keyvalue,24,0.0009727083199686604
16384,indirect,3,0.0011270966400479664
4194304,keyvalue,5,0.37160933400082286
32,keyvalue,33,8.159666499523155e-07
16384,keyvalue,30,0.000957031680009095
32,direct,28,5.385062499954074e-07
512,direct,9,4.5367910006461895e-06
65536,keyvalue,2,0.0044159374998950325
128,direct,32,1.198708199808607e-06
16384,keyvalue,10,0.0009388949999993201
16384,indirect,11,0.00108790668004076
4194304,keyvalue,9,0.3798374160014646
512,direct,23,4.659250000258908e-06
128,keyvalue,5,1.624358399931225e-06
8,keyvalue,8,6.426316600118298e-07
64,keyvalue,28,1.0186583000177051e-06
128,direct,17,1.2614667997695505e-06
1024,keyvalue,5,1.1100832001829986e-05
256,indirect,10,3.0842914993627347e-06
65536,direct,6,0.004091805666575965
512,direct,3,4.5192920006229545e-06
32,indirect,18,7.998000000043248e-07
16384,direct,30,0.0008782433199667139
16384,direct,33,0.000851076640028623
256,keyvalue,8,2.7826040004583773e-06
64,direct,10,7.424333998642396e-07
1024,indirect,25,1.23253339988878e-05
8192,indirect,25,0.0005100441600006889
256,direct,26,2.200708499913162e-06
256,keyvalue,20,2.749374999439169e-06
65536,keyvalue,1,0.004316215166606223
1024,indirect,18,1.3686834001418901e-05
32768,direct,37,0.001944850666707983
4096,indirect,21,0.00019635666998510715
16384,keyvalue,11,0.0009517283199966187
512,keyvalue,19,5.7435840008110975e-06
4,keyvalue,25,6.048091599950567e-07
16384,keyvalue,27,0.0009363099999609403
16384,direct,7,0.0008932300000014947
4,keyvalue,39,6.159433200082276e-07
4,keyvalue,4,6.11063340002147e-07
32768,keyvalue,36,0.0020543576665659202
512,indirect,22,6.228416999874753e-06
64,keyvalue,3,1.0360000000218862e-06
4096,direct,39,0.0001739208300023165
2048,indirect,6,6.872396000289882e-05
16384,keyvalue,3,0.0009313833200576483
4,indirect,38,5.99965000001248e-07
16,keyvalue,11,7.186972000151097e-07
16,keyvalue,30,7.14841666679907e-07
16384,indirect,12,0.0010633799999777694
1024,indirect,31,1.2630583998543442e-05
256,indirect,30,3.0477914997391053e-06
4096,keyvalue,18,0.00014609709000069416
32,indirect,31,8.298770999317639e-07
1024,direct,4,1.5395250000437955e-05
1048576,indirect,6,0.10621699999865086
32768,keyvalue,16,0.00203397574993384
256,indirect,8,3.087957999923674e-06
1024,indirect,16,1.4213750000635628e-05
16384,direct,36,0.0008773466799902963
4096,direct,3,0.00014988917000664516
32,keyvalue,7,8.016333499654138e-07
256,indirect,27,3.183417000400368e-06
32768,keyvalue,7,0.002036263833360863
4096,keyvalue,1,0.00016874375000043075
128,indirect,19,1.85380000002624e-06
16,indirect,11,6.9934306666255e-07
4,direct,17,3.7036165998870273e-07
2048,keyvalue,6,3.359375000400178e-05
128,direct,13,1.1917334002646385e-06
256,keyvalue,3,3.006021000146575e-06
16384,direct,20,0.0008719483599998057
4194304,indirect,6,0.5119189170000027
32768,direct,29,0.0018859687500783668
16384,keyvalue,35,0.0009627099999488564
16384,direct,12,0.0008781833200191613
8,direct,2,3.85999999998603e-07
8,keyvalue,15,6.525058199986233e-07
65536,keyvalue,3,0.004334958333553611
65536,indirect,11,0.005036749999817403
256,keyvalue,38,2.9121039997335172e-06
32768,keyvalue,26,0.002022857666664398
1024,direct,19,9.85824999952456e-06
16,direct,33,4.3744583332833524e-07
4194304,direct,4,0.36052570799984096
1024,direct,32,9.588831999280955e-06
4096,keyvalue,33,0.00015653749998818965
16,direct,23,4.438805666723056e-07
8,keyvalue,33,6.381933399825357e-07
128,indirect,27,1.7994665999140125e-06
4096,indirect,9,0.0001636908300133655
16,keyvalue,16,7.020208333415212e-07
2048,direct,18,2.3320624995903928e-05
262144,indirect,10,0.024120145999404485
512,direct,19,4.410707999340957e-06
64,indirect,26,1.0875040999962949e-06
8192,direct,7,0.0003849149999950896
16,direct,8,4.366472333155495e-07
1048576,indirect,0,0.10674129099970742
128,keyvalue,24,1.6949333999946248e-06
4,direct,38,3.712200000154553e-07
8,indirect,36,6.397633400047198e-07
8,keyvalue,19,6.445841599997948e-07
16384,direct,32,0.0008581966800556984
64,keyvalue,5,1.0637125000357627e-06
128,indirect,29,1.7835166003351333e-06
256,indirect,17,3.289583500190929e-06
4096,indirect,29,0.00021722833000239916
1024,indirect,19,2.242416599983699e-05
16384,direct,27,0.0008434333599871024
512,indirect,37,5.974124998829211e-06
8192,keyvalue,2,0.00043717581997043453
16384,indirect,10,0.0010902466800325782
8,direct,33,3.841224999996484e-07
1024,keyvalue,23,1.2020665999443735e-05
32,direct,12,5.102729000100226e-07
64,indirect,30,1.0825458000908838e-06
512,keyvalue,34,5.540999998629559e-06
1024,direct,28,9.204999998473795e-06
16,indirect,16,6.96206933328843e-07
1048576,keyvalue,5,0.08733087499967951
4194304,direct,10,0.3563649580009951
4,indirect,18,6.212366600084352e-07
2048,keyvalue,13,4.69210400024167e-05
8,direct,1,3.791925000041374e-07
16384,indirect,5,0.001169575000021723
256,direct,31,2.1885414998905617e-06
128,direct,20,1.2018918001558632e-06
2048,direct,2,5.4749790006098917e-05
8192,keyvalue,35,0.0004247399999803747
256,direct,18,2.1518335006476264e-06
2048,keyvalue,2,3.4208750003017484e-05
128,keyvalue,28,1.6433415999927093e-06
262144,indirect,6,0.023373353999886604
2048,indirect,12,5.219437500272761e-05
32768,indirect,10,0.002436902833323984
128,direct,7,1.262499999938882e-06
64,direct,30,7.201124999483e-07
32768,direct,39,0.0018676075833354844
64,indirect,14,1.0803082999700564e-06
4096,indirect,10,0.00020369416000903584
32,direct,39,5.081791499833343e-07
4096,keyvalue,19,0.0001387516599970695
8192,keyvalue,36,0.0004021458199713379
1024,direct,23,9.461249999731081e-06
32768,indirect,1,0.0023724549165914746
4,direct,8,3.6705750000692205e-07
4,indirect,33,5.967149999924005e-07
1048576,indirect,2,0.10554670899909979
32768,indirect,4,0.002380638916595975
8,direct,36,3.799508399970364e-07
2048,keyvalue,27,3.222916499908024e-05
16,direct,3,4.3653610003578556e-07
512,indirect,23,6.493875000160187e-06
32768,keyvalue,37,0.0020506110833290827
256,indirect,23,3.1657079998694826e-06
2048,direct,21,3.170582999700855e-05
16,indirect,25,7.17679166640058e-07
8192,keyvalue,28,0.00042480500000237955
8,direct,3,3.6523165999824414e-07
2048,direct,12,5.4854375002832966e-05
2048,keyvalue,30,3.426375000344706e-05
16384,keyvalue,28,0.0009095383199746721
1024,indirect,30,1.2946081998961745e-05
4096,direct,15,0.0001227475000086997
16,keyvalue,31,7.247486333047466e-07
4194304,indirect,1,0.5122698750001291
512,indirect,8,6.57633400078339e-06
8192,direct,37,0.0003779049999866402
4,keyvalue,13,6.413008199888282e-07
16384,direct,6,0.0008935383600328351
128,direct,19,1.2251915999513585e-06
1024,indirect,29,1.2909082000987837e-05
8,keyvalue,26,6.267683199985186e-07
4,keyvalue,23,6.180308200055151e-07
4096,direct,1,0.00015333167000790128
256,direct,37,2.371896000113338e-06
4096,direct,38,0.00014930958999684663
2048,direct,35,6.185041500430089e-05
16,direct,38,4.493666666652037e-07
32768,direct,13,0.0019450451666974307
32768,keyvalue,29,0.0020125174167636337
8192,direct,5,0.000383655000005092
16,indirect,39,7.026375000350527e-07
16384,direct,34,0.0008584583199990447
8,direct,25,3.832916600003955e-07
128,keyvalue,20,1.6132667999045226e-06
64,keyvalue,21,1.049445900025603e-06
512,indirect,5,6.263000001126784e-06
262144,keyvalue,0,0.019321791500260588
262144,indirect,4,0.023138458500397974
8,keyvalue,28,6.466324999928475e-07
8192,indirect,14,0.0004838316799941822
16384,direct,15,0.0008660016400244785
512,indirect,39,6.319875001281616e-06
64,direct,19,7.276291999005479e-07
16384,direct,3,0.0009011166800337377
512,keyvalue,2,5.76704100058123e-06
128,indirect,25,1.7782082002668176e-06
32,indirect,25,8.250292000411718e-07
256,keyvalue,15,2.8867915007140256e-06
8,direct,35,3.641508399960003e-07
1024,keyvalue,1,1.1209249998501036e-05
32768,keyvalue,9,0.0020582360833335165
32768,indirect,12,0.002447847250095947
128,keyvalue,15,1.682916600111639e-06
1024,direct,0,9.69824999992852e-06
1024,direct,20,9.804584002267802e-06
16384,indirect,17,0.001093106640037149
4,keyvalue,17,6.264308399840957e-07
512,keyvalue,24,5.472083999848109e-06
8,keyvalue,34,6.493791800312465e-07
4194304,direct,1,0.35886075000053097
8192,direct,3,0.00039742249999108025
256,indirect,2,3.191583500665729e-06
16384,indirect,25,0.0011485166800412117
32768,direct,17,0.0018861527499514825
512,keyvalue,28,5.474625000715605e-06
16,indirect,10,7.04004166679321e-07
262144,keyvalue,8,0.01956752099977166
2048,keyvalue,3,6.139520999568049e-05
64,direct,15,7.257292001668248e-07
64,keyvalue,15,1.0125875000085216e-06
1024,direct,3,9.577916000125697e-06
4,indirect,27,6.201599999985774e-07
16,keyvalue,9,7.367416666359835e-07
2048,indirect,21,2.8715830003420704e-05
256,direct,13,2.266687500195985e-06
32768,indirect,25,0.0024247360834124265
32768,direct,5,0.001911503499892812
32768,keyvalue,25,0.0020502499999868937
8,direct,26,3.7113083999429364e-07
8192,indirect,16,0.00047679833998699907
16,keyvalue,36,7.029819333790025e-07
8192,direct,10,0.0003888708400336327
8,direct,39,3.7984750000759957e-07
16,indirect,1,6.868096999824048e-07
16384,indirect,36,0.0011271466800099007
16384,indirect,4,0.001097929999959888
8,indirect,28,6.270575000235112e-07
1024,indirect,37,1.273025000045891e-05
8,keyvalue,22,6.315441799961264e-07
64,indirect,32,1.1026624999431077e-06
8192,indirect,19,0.0005100024999774177
4096,keyvalue,20,0.00016498917000717483
32,keyvalue,20,7.849333499507339e-07
1024,keyvalue,11,1.097608399868477e-05
16384,direct,29,0.0008945149999635759
4,indirect,3,6.149975000153063e-07
8,keyvalue,9,6.315783200261649e-07
128,direct,14,1.2400584000715752e-06
8,keyvalue,38,6.386958399889409e-07
128,indirect,4,1.7254165999474936e-06
64,keyvalue,36,1.0619749999023042e-06
8,keyvalue,23,6.452050000007148e-07
32768,keyvalue,11,0.0020777916667308696
512,keyvalue,5,5.366542000047048e-06
16,keyvalue,38,7.267096999688267e-07
8,direct,31,3.8810584002931136e-07
4096,indirect,32,0.00021766207999462494
262144,keyvalue,1,0.018940312499580614
2048,direct,26,2.375000000029104e-05
128,direct,12,1.2293915999180172e-06
262144,direct,7,0.01903095849957026
4096,keyvalue,3,0.00017933707998963656
1024,keyvalue,24,2.0420917997398645e-05
64,indirect,0,1.1440207999839913e-06
16,direct,7,4.321277666652653e-07
32,direct,11,5.074104000414081e-07
1024,keyvalue,35,1.1221084001590497e-05
64,keyvalue,32,1.0754290999102522e-06
256,indirect,29,3.0625624995082034e-06
256,indirect,1,3.340520500387356e-06
8,indirect,25,6.453374999910011e-07
128,keyvalue,21,1.6576083999098045e-06
16384,direct,9,0.0008875566799542866
16,direct,21,4.3687223333108704e-07
8192,keyvalue,31,0.0004492908199972589
4096,keyvalue,35,0.00018371374999333058
32768,direct,8,0.0018541910000446176
16,indirect,9,7.247708332821882e-07
4,keyvalue,12,6.174783400274464e-07
256,keyvalue,7,2.81781250032509e-06
512,keyvalue,31,5.857750000359374e-06
32,indirect,29,8.35427099991648e-07
64,indirect,8,1.1156167000081042e-06
4,keyvalue,27,6.081241599895293e-07
65536,indirect,7,0.00520105550003791
65536,indirect,0,0.00511623616663807
8,indirect,27,6.38436660010484e-07
4,keyvalue,20,6.157833399993251e-07
1024,indirect,4,1.4125834000878967e-05
128,direct,37,1.2297166002099402e-06
16384,indirect,32,0.0011564316799922382
512,indirect,14,6.134540999482852e-06
4096,indirect,16,0.00019826458001261926
64,keyvalue,20,1.0568375000730158e-06
64,keyvalue,12,9.592541000529309e-07
1024,keyvalue,37,1.0740667999925791e-05
8,indirect,34,6.263566800043918e-07
128,keyvalue,32,1.6921250000450527e-06
4,direct,10,3.712683400226524e-07
1048576,keyvalue,1,0.0870434579992434
16384,direct,10,0.0008850683199852938
16384,keyvalue,17,0.0009222700000100304
32,keyvalue,6,7.618708500558568e-07
128,keyvalue,36,1.552724999783095e-06
16,keyvalue,20,7.10927799991623e-07
1024,keyvalue,34,1.1207999999896855e-05
256,keyvalue,12,2.9032080001343274e-06
128,indirect,31,1.7201750000822357e-06
8,direct,12,3.7545581999438585e-07
4096,keyvalue,11,0.00013995291999890469
4,indirect,7,6.132483400142519e-07
1024,keyvalue,29,1.1311083999316907e-05
4096,direct,26,0.0001533512500100187
262144,direct,3,0.01894766650002566
1024,indirect,3,1.2546665999252582e-05
512,keyvalue,3,5.3616669993061805e-06
2048,direct,36,2.7951045003646867e-05
512,keyvalue,12,5.364959000871749e-06
2048,indirect,16,3.134750000754138e-05
8192,keyvalue,14,0.0003956608199951006
128,indirect,36,1.8932168000901583e-06
1024,direct,1,1.0921583998424466e-05
8,direct,30,3.7555832001089586e-07
8192,direct,21,0.000384463339978538
8192,indirect,31,0.0005072741599724395
256,direct,39,2.1891040005357352e-06
128,direct,27,1.232791599977645e-06
1024,indirect,1,1.6658166001434436e-05
256,indirect,38,3.163729500556656e-06
64,indirect,36,1.094908300001407e-06
1024,keyvalue,36,1.0997834000590956e-05
8,keyvalue,24,6.450691799909691e-07
64,indirect,27,1.0695458000554936e-06
32,direct,34,5.378457999540842e-07
65536,indirect,9,0.005219840333362906
4194304,keyvalue,6,0.3728197500004171
16384,indirect,24,0.001085670000029495
32768,direct,3,0.0018829479166318681
32,keyvalue,14,7.997417000296991e-07
1024,keyvalue,21,1.1159834000864066e-05
256,indirect,12,3.1761459995323095e-06
32,keyvalue,8,8.247479499914334e-07
2048,keyvalue,8,3.5037295001529854e-05
4,direct,6,3.69319160017767e-07
16,direct,27,4.300430333387339e-07
262144,direct,1,0.01874141649932426
1024,keyvalue,16,1.1316083997371607e-05
32768,indirect,26,0.0024097395832238058
16,indirect,19,7.294555667006838e-07
32768,direct,2,0.001942472166774678
16384,keyvalue,21,0.0009896133599977474
64,direct,39,7.642832999408711e-07
8,direct,8,3.838841800097725e-07
4096,direct,19,0.00015958459000103175
32,indirect,38,8.118583500618115e-07
32768,indirect,7,0.00244035066680226
262144,direct,5,0.019006458500371082
1024,indirect,10,1.2444168001820798e-05
8192,indirect,38,0.00047003083996969506
16,indirect,23,6.986055666250953e-07
16384,keyvalue,9,0.0009799200000270502
32768,direct,23,0.0019381805833897185
512,indirect,35,5.877292000150192e-06
8,keyvalue,39,6.445791599981022e-07
32,direct,17,5.208854499869631e-07
8192,direct,26,0.00038481499999761583
128,direct,3,1.2279665999813006e-06
8,keyvalue,29,6.3128333997156e-07
1024,direct,37,9.656334001192591e-06
32768,keyvalue,35,0.002003586833325244
4,indirect,6,6.03080000000773e-07
1024,indirect,23,1.3275084002088989e-05
256,indirect,5,3.15710399991076e-06
1048576,indirect,9,0.10549379200165276
4,indirect,25,6.16809999992256e-07
256,keyvalue,37,2.757000000201515e-06
32,keyvalue,24,7.913916500001505e-07
8192,indirect,30,0.0005009466800038353
128,direct,9,1.2508584000897826e-06
512,direct,13,4.623208000339218e-06
512,direct,20,4.431999999724212e-06
1048576,keyvalue,0,0.08572904200082121
16,indirect,17,7.369985999806279e-07
512,indirect,20,6.129833000159124e-06
8192,indirect,7,0.0004976241799886338
4,indirect,8,6.264658399959444e-07
8,direct,11,3.822333399875788e-07
2048,keyvalue,36,6.213728999682644e-05
1048576,direct,1,0.08342629199978546
262144,indirect,2,0.023254249999808962
16,keyvalue,39,7.141958333401514e-07
16,indirect,20,6.864180333044108e-07
4096,keyvalue,26,0.00013896458000090206
128,direct,22,1.2382584001898067e-06
128,indirect,33,1.8314500000997215e-06
8192,indirect,23,0.0005032716799905757
64,keyvalue,22,1.080345800073701e-06
128,indirect,17,1.8549000000348315e-06
32,direct,21,5.354375000024447e-07
512,keyvalue,36,5.542540999158518e-06
16,indirect,6,7.311236333407578e-07
64,indirect,3,1.1123750000479049e-06
256,direct,21,2.283145499859529e-06
16,indirect,26,7.177208333208304e-07
256,keyvalue,2,2.861583499907283e-06
1024,indirect,9,1.281916799780447e-05
64,keyvalue,31,1.1113542001112363e-06
4096,direct,31,0.00016182208999452997
8192,direct,31,0.00040425584000331583
8,indirect,9,6.467833200076711e-07
16384,keyvalue,4,0.0009569366800133139
1048576,indirect,5,0.10689941700002237
64,keyvalue,16,1.0593334000077448e-06
16,indirect,14,7.482194666105594e-07
4,indirect,16,6.3446168001974e-07
4096,indirect,1,0.0002005479100080265
512,direct,16,4.558250000627595e-06
16,direct,26,4.3134306664190566e-07
4096,direct,34,0.0001372287500089442
8,direct,27,3.8664666000840955e-07
1024,indirect,2,1.392058400233509e-05
262144,keyvalue,9,0.020155354000053194
262144,direct,4,0.01856781249989581
256,indirect,11,3.124896000372246e-06
4096,indirect,3,0.00018262042000060318
256,keyvalue,14,2.7887289998034247e-06
4096,indirect,18,0.00022210790999452
65536,direct,5,0.0041903265000655665
32768,keyvalue,22,0.0020664062499236024
1024,direct,13,1.0856665998289828e-05
16384,keyvalue,39,0.000995426640001824
8,indirect,32,6.283033400177373e-07
4096,direct,25,0.00016802915999505785
4,direct,15,3.6356500000692903e-07
1024,direct,34,9.343165998870972e-06
16384,direct,8,0.0008658733600168489
512,keyvalue,33,5.360916999052279e-06
32768,direct,31,0.001908329916659568
32768,keyvalue,5,0.0020029722500112257
16384,indirect,38,0.0010985583200090333
4096,indirect,20,0.00018142959001124837
64,indirect,28,1.167195800007903e-06
256,keyvalue,33,2.870145999622764e-06
1024,indirect,34,1.230833400040865e-05
32768,direct,4,0.0019036076666149409
256,direct,27,2.3412294995068807e-06
4096,direct,8,0.0001473416600128985
4,indirect,14,6.326758399882237e-07
4096,direct,0,0.0001310070799991081
32,indirect,34,8.481958499942266e-07
16,keyvalue,8,7.309583333456733e-07
8192,direct,1,0.0003914000000077067
16384,keyvalue,38,0.0009624616799555952
2048,indirect,0,6.253937499423046e-05
32,indirect,2,8.075166500020714e-07
1048576,indirect,11,0.105574749999505
4096,keyvalue,9,0.00012993874999665423
8192,direct,17,0.00040504917997168376
4,keyvalue,0,6.068424999830314e-07
64,indirect,38,1.0998416999427718e-06
512,keyvalue,30,5.492832999152597e-06
64,keyvalue,37,1.060187499933818e-06
1024,direct,27,9.561415998177836e-06
1024,direct,7,9.75458399989293e-06
4,direct,28,3.5671833997184875e-07
2048,direct,15,2.5447709995205513e-05
4,keyvalue,14,6.100416600020253e-07
32,keyvalue,23,7.815042000402173e-07
16,direct,30,4.4134306663181634e-07
4,keyvalue,1,6.225058200288914e-07
64,keyvalue,9,1.0389125000074274e-06
4096,keyvalue,21,0.00014137166001091829
1024,indirect,33,1.2963249999302206e-05
4096,indirect,36,0.00015748125000754953
8192,indirect,26,0.0005255566599953454
4,indirect,30,6.33372500014957e-07
16384,indirect,21,0.0011254383199411676
32768,indirect,9,0.002423763916643414
64,direct,14,6.954458000109299e-07
128,keyvalue,8,1.5746083998237736e-06
8,indirect,14,6.288175000008778e-07
16,direct,0,4.540222333162092e-07
4096,indirect,34,0.00019404124999709892
4096,direct,6,0.00019045915998503916
64,keyvalue,25,1.0254832999635254e-06
8192,keyvalue,38,0.00039048583999829134
8,keyvalue,27,6.180491800114397e-07
16,keyvalue,13,7.09383333317722e-07
8192,keyvalue,12,0.00041621915999712656
2048,indirect,5,8.01464549931552e-05
32768,indirect,35,0.0023788610833435087
1024,indirect,12,1.262824999867007e-05
2048,indirect,17,3.5453540003800296e-05
4,keyvalue,8,6.192541599739342e-07
2048,direct,39,2.257249999274791e-05
64,direct,4,7.070625000778818e-07
4,indirect,31,6.086433199743624e-07
32,keyvalue,9,8.072728999650281e-07
32,indirect,22,8.335812499353779e-07
32768,indirect,32,0.0024056319166447793
32,keyvalue,27,8.258437500444416e-07
2048,indirect,1,5.363812500036147e-05
1024,direct,2,9.467166000831639e-06
256,direct,16,2.2429169994211406e-06
4,keyvalue,22,6.152716599899576e-07
16,indirect,2,7.128986000073685e-07
512,direct,33,4.665708000175073e-06
512,indirect,24,6.297457999608014e-06
128,indirect,6,1.7961334000574425e-06
4,keyvalue,11,6.117866600106936e-07
1024,direct,21,9.460416000365512e-06
128,indirect,10,1.8271082000865136e-06
32768,direct,12,0.0018825520833161136
1024,direct,10,9.549084003083408e-06
8192,direct,19,0.0003770749999966938
2048,indirect,28,7.938291499158367e-05
32,indirect,24,8.330812500389584e-07
4096,indirect,6,0.00016574333998505607
16384,keyvalue,13,0.0009704749999946216
32768,indirect,16,0.002396295166666581
64,indirect,24,1.187700000082259e-06
8,direct,29,3.7449499999638644e-07
2048,direct,9,4.075917000591289e-05
2048,indirect,3,3.239853999730258e-05
1024,indirect,21,1.254233400322846e-05
4,direct,0,3.649966600278276e-07
512,direct,27,4.397124999741208e-06
16,keyvalue,28,7.037555666708309e-07
4,direct,23,3.5873415999958526e-07
64,indirect,33,1.1178458998983842e-06
32,indirect,36,8.137562500451167e-07
262144,keyvalue,2,0.019641124999907333
4194304,direct,7,0.35849783300000126
32,keyvalue,35,7.87043750005978e-07
32768,direct,18,0.0019567604166089345
64,direct,7,7.017833000645623e-07
128,keyvalue,14,1.657733200045186e-06
32,indirect,26,7.989645499947074e-07
16384,keyvalue,18,0.0009636600000521866
16,keyvalue,2,7.102555666885262e-07
4096,indirect,30,0.00020815500000026077
32768,indirect,13,0.0024154131666970593
128,keyvalue,29,1.6626333999738563e-06
64,direct,27,7.348042001467547e-07
32,direct,29,5.254562500340398e-07
16,indirect,5,7.338944666723061e-07
4,direct,34,3.647449999698438e-07
512,keyvalue,35,5.547749999095686e-06
8,direct,18,3.687341600016225e-07
262144,keyvalue,5,0.019609916499575775
4096,indirect,39,0.00016120291000333963
262144,keyvalue,7,0.01943904149993614
8,keyvalue,31,6.358208399979049e-07
128,keyvalue,13,1.6720081999665127e-06
2048,direct,34,2.7360829999452108e-05
8192,direct,28,0.00038209917998756283
32,keyvalue,0,8.22072949995345e-07
16384,direct,14,0.0008985883200512035
64,keyvalue,2,1.065470799949253e-06
256,indirect,26,3.048771000067063e-06
8192,direct,36,0.0003722816599838552
1024,indirect,0,1.2721499999315711e-05
32768,direct,15,0.001916833333325485
128,indirect,0,1.7894915999931981e-06
128,indirect,20,1.795841599960113e-06
64,direct,0,7.200833000752027e-07
128,keyvalue,38,1.6938082000706346e-06
256,direct,34,2.240166500087071e-06
16384,indirect,15,0.0011059533199295401
256,direct,5,2.2583335003218963e-06
16,indirect,28,7.045416666490686e-07
16,direct,22,4.525611000038528e-07
16,keyvalue,15,7.209444333663365e-07
32,keyvalue,16,8.01077100004477e-07
256,keyvalue,21,2.8207294999447186e-06
256,direct,33,2.260229000057734e-06
2048,indirect,11,3.501270999549888e-05
32,keyvalue,34,8.056167000177084e-07
128,indirect,12,1.7794499999581603e-06
4096,indirect,25,0.0001636954199966567
16,direct,25,4.338069666725157e-07
32768,indirect,23,0.0023790660000789408
2048,indirect,36,5.718874999729451e-05
16,indirect,8,7.011902999996285e-07
256,keyvalue,26,2.79333350044908e-06
2048,indirect,9,3.813541999988956e-05
256,indirect,19,3.171166499669198e-06
4096,keyvalue,31,0.0001650179199896229
4096,keyvalue,14,0.0001900345899957756
1024,direct,17,9.483750000072178e-06
128,keyvalue,0,1.622533400222892e-06
4096,indirect,31,0.0001652933299919823
128,indirect,5,1.8082168000546517e-06
16384,indirect,19,0.0011110833199927583
8,indirect,22,6.538591800199356e-07
1024,indirect,28,1.2722581999696559e-05
128,indirect,2,1.7803250000724802e-06
128,keyvalue,7,1.607666600102675e-06
16,indirect,29,6.950097333174198e-07
4,keyvalue,9,6.112991600093665e-07
2048,direct,29,2.3096875002011074e-05
4,keyvalue,26,6.272041799820727e-07
1024,direct,39,9.491749999142485e-06
2048,indirect,26,4.738937500405882e-05
16,direct,24,4.6375833329269277e-07
8192,direct,18,0.0003772233199924813
32768,direct,38,0.0019334791666854774
128,indirect,24,1.7966499999602093e-06
16384,indirect,0,0.0011004633199627278
256,direct,3,2.3041664999254864e-06
16384,direct,5,0.000903214999998454
512,keyvalue,29,5.784332999610342e-06
4,direct,2,3.7063415999000425e-07
8192,keyvalue,34,0.0004263675000038347
8192,indirect,37,0.0004951808199984953
8192,direct,11,0.0004069349999917904
32,indirect,1,8.171604499693786e-07
64,keyvalue,0,1.0535417000937742e-06
512,keyvalue,8,5.277500000374858e-06
32,indirect,19,8.209728999645449e-07
8,direct,38,3.931499999816879e-07
4,direct,26,3.668258400284685e-07
512,direct,4,4.695040999649791e-06
32768,keyvalue,33,0.002103677083293102
32,keyvalue,38,7.771833500555658e-07
32,indirect,15,8.49677049973252e-07
256,keyvalue,6,2.8628955005842727e-06
128,direct,31,1.2592415998369689e-06
256,indirect,35,3.163603999382758e-06
8192,indirect,5,0.0005008241599716712
64,keyvalue,14,1.0156750000533066e-06
32,indirect,39,8.522812499904831e-07
2048,keyvalue,35,5.942687500464672e-05
16,keyvalue,23,7.089860999864565e-07
16,direct,2,4.334611000255488e-07
32768,direct,19,0.0019711562499651336
65536,indirect,5,0.00513626383326482
2048,keyvalue,10,4.60316699991381e-05
32768,keyvalue,19,0.00200488891656884
2048,direct,4,5.223541999839654e-05
4,direct,37,3.688699999838718e-07
256,indirect,14,3.1348749998869607e-06
4,keyvalue,29,6.170433400257025e-07
4,indirect,15,6.164708399955998e-07
8,direct,17,3.8802416001999517e-07
2048,direct,38,2.39820799924928e-05
4,direct,32,3.669616600018344e-07
32768,indirect,6,0.0024353402498794217
4096,direct,16,0.00017331834000287925
8192,direct,33,0.0004106133399909595
64,keyvalue,38,1.0476374998688698e-06
32,indirect,3,8.378937500310712e-07
128,direct,36,1.218824999887147e-06
4,direct,14,3.723233200071263e-07
2048,indirect,33,3.4221044998048456e-05
1048576,direct,8,0.08157016700170061
32,keyvalue,2,7.919812500404078e-07
8,indirect,2,6.337175000226125e-07
4,indirect,5,6.293183399975532e-07
128,keyvalue,16,1.64461679996748e-06
1024,keyvalue,32,1.1022000002412825e-05
128,direct,0,1.2462333997973474e-06
32,keyvalue,36,8.333250000760017e-07
4,direct,27,3.680958399854717e-07
512,keyvalue,0,5.45741699897917e-06
64,indirect,9,1.1392374999559252e-06
128,direct,25,1.2329834000411211e-06
1048576,direct,3,0.08373058400138689
16,direct,13,4.352125000271675e-07
256,indirect,22,3.2230835004156687e-06
8,indirect,31,6.501941600072314e-07
262144,keyvalue,11,0.020035396000821493
65536,indirect,8,0.005471472166694487
16,keyvalue,24,7.183208333420528e-07
32,keyvalue,11,8.571041999857699e-07
128,indirect,35,1.922049999848241e-06
16384,keyvalue,5,0.0009775399999489309
2048,direct,19,5.022208499212866e-05
256,indirect,31,3.1864580005276367e-06
2048,keyvalue,17,4.470833499908622e-05
8192,direct,12,0.00038523666000401136
2048,direct,22,4.66741699983686e-05
16,direct,1,4.207208333658248e-07
256,direct,6,2.292604499416484e-06
8,indirect,26,6.605349999881582e-07
1024,direct,38,9.377583999594208e-06
4194304,keyvalue,0,0.38114266599950497
32768,indirect,15,0.002495583333408528
16384,keyvalue,37,0.0009711399999650893
8,indirect,1,6.298333199811168e-07
64,indirect,25,1.0772290999739198e-06
2048,keyvalue,34,3.1275625005946494e-05
32768,direct,30,0.001935486166530609
1024,direct,29,9.681668001576327e-06
8,indirect,24,6.369366800208809e-07
16384,keyvalue,19,0.0009124066799995489
16384,keyvalue,0,0.0009206599999743049
128,direct,10,1.2160081998445093e-06
1048576,direct,11,0.08143116700011888
32768,keyvalue,4,0.002060986083354995
2048,keyvalue,7,4.7638539999752535e-05
32768,direct,7,0.0019378820000686876
32,indirect,0,8.331375000125263e-07
2048,keyvalue,29,6.195187500452449e-05
256,direct,4,2.193562499996915e-06
128,indirect,14,1.7978750001930167e-06
128,direct,18,1.188449999972363e-06
65536,direct,9,0.0040887151665932224
16,keyvalue,4,7.324374999977105e-07
128,keyvalue,25,1.6544166002859129e-06
262144,keyvalue,4,0.019688000000314787
4096,direct,18,0.00015220582999972976
2048,direct,3,6.17716649958311e-05
1024,keyvalue,28,1.0869499998079846e-05
2048,keyvalue,32,4.6746460002395905e-05
8,keyvalue,16,6.347266599914292e-07
1048576,indirect,1,0.10608587500064459
8,indirect,19,6.449883399909595e-07
8,indirect,30,6.539108400102123e-07
1024,keyvalue,15,1.1058999996748752e-05
1024,direct,25,9.513000000879402e-06
2048,indirect,24,4.6642704992336805e-05
16,direct,20,4.446250000304038e-07
16,direct,5,4.503541666660264e-07
16384,direct,35,0.0008898516799672507
2048,keyvalue,9,6.740854500094429e-05
8,direct,19,3.7770250000903616e-07
256,indirect,16,3.0333124996104744e-06
16384,indirect,2,0.0011016350000136298
32768,direct,24,0.0019220451666418132
512,keyvalue,20,5.465375001222128e-06
128,keyvalue,34,1.5677999999752502e-06
32768,keyvalue,10,0.0020839409166910627
128,indirect,22,1.7516165997221833e-06
64,keyvalue,39,1.069724999979371e-06
8192,keyvalue,3,0.00043682667997927636
2048,direct,1,3.178583499902743e-05
1048576,direct,7,0.08314149999932852
32768,keyvalue,30,0.002017444416651415
64,indirect,23,1.1436666998633883e-06
256,keyvalue,13,2.7831249999508146e-06
65536,keyvalue,0,0.004398610999790738
4194304,indirect,2,0.522097417000623
4,indirect,20,6.165424999926472e-07
4,keyvalue,38,6.19478340013302e-07
8192,direct,38,0.0003873683399797301
64,direct,8,7.254833000843064e-07
256,direct,8,2.286541499415762e-06
8192,direct,8,0.00038526499996805797
8192,keyvalue,10,0.0004555508400153485
4096,keyvalue,37,0.0001935491699987324
128,direct,4,1.202916600232129e-06
2048,indirect,27,2.9825625006196788e-05
16384,indirect,39,0.0011132383199583273
128,direct,30,1.26162500018836e-06
256,keyvalue,19,2.974250000079337e-06
4194304,indirect,3,0.5107505840005615
256,keyvalue,4,2.879583499634464e-06
256,direct,17,2.3098959991330046e-06
65536,direct,7,0.004185319500114322
4,direct,39,3.571608399943216e-07
32768,indirect,39,0.0024729617499967085
512,direct,26,4.5554999996966214e-06
512,direct,11,4.433374999280204e-06
4,indirect,21,6.138866800029064e-07
32768,direct,26,0.0018720660000326461
32,indirect,30,8.338228999491549e-07
2048,keyvalue,14,6.06347899974935e-05
16,keyvalue,25,7.226360999993631e-07
32768,indirect,20,0.002430291666617753
32768,direct,21,0.0018831180833937349
128,keyvalue,19,1.6524834001756973e-06
4096,indirect,7,0.00019732666998606874
32,direct,24,5.158041500180843e-07
1024,keyvalue,25,1.101316600033897e-05
32,keyvalue,1,8.111895999718399e-07
1048576,keyvalue,8,0.08776433300045028
128,keyvalue,17,1.6662165999150603e-06
4096,direct,22,0.00012537915999928374
8192,indirect,27,0.0005174058199918363
32768,indirect,31,0.0023902673333395796
256,indirect,24,3.0787499999860303e-06
16384,indirect,1,0.001085391679953318
32,indirect,5,8.265437500085682e-07
8192,direct,20,0.0004125833199941553
256,keyvalue,39,2.9331875002753803e-06
128,keyvalue,30,1.676533399950131e-06
256,indirect,15,3.259957999944163e-06
512,keyvalue,38,5.551459000344039e-06
32,keyvalue,26,7.864041500397434e-07
256,direct,9,2.1715209995818442e-06
64,direct,17,7.292624999536202e-07
4096,indirect,24,0.0001697512499958975
65536,indirect,10,0.005298416666543441
1024,keyvalue,14,1.143008199869655e-05
4194304,indirect,9,0.511678374999974
8,direct,21,3.8608832001045814e-07
1024,indirect,39,1.2385750000248663e-05
64,direct,26,7.631791000676458e-07
8192,direct,25,0.0003826866599774803
4,direct,35,3.653583199775312e-07
32768,direct,28,0.0019262985833847779
32,direct,15,5.333645499376872e-07
512,keyvalue,17,5.430334000266157e-06
32,indirect,32,8.420332999776293e-07
256,direct,36,2.247166499728337e-06
32768,keyvalue,14,0.002050086833454164
4,indirect,19,6.336783399819979e-07
1024,direct,31,1.0042499998235143e-05
512,keyvalue,9,5.401042000812595e-06
256,keyvalue,28,2.9334999999264254e-06
65536,direct,2,0.004079138833427957
512,direct,0,4.385249998449581e-06
32,keyvalue,30,8.353208500011533e-07
16,direct,11,4.550902666475546e-07
16,keyvalue,17,7.281305666765547e-07
4096,keyvalue,38,0.0001704595800038078
16384,keyvalue,12,0.0009254599999985657
8192,direct,27,0.0003807816799962893
4,direct,3,3.56899180005712e-07
32768,indirect,3,0.0024972604166274928
64,indirect,1,1.091758300026413e-06
16384,direct,19,0.0008760633200290613
128,keyvalue,37,1.6119250001793262e-06
64,keyvalue,1,1.0490791000847821e-06
65536,direct,10,0.004053930500049319
4096,direct,9,0.00015615250000337256
64,keyvalue,13,1.0115125000083935e-06
16,keyvalue,7,7.083735999913188e-07
64,keyvalue,8,1.0570417000053567e-06
64,direct,9,7.399166999675799e-07
16,indirect,34,7.271791666425998e-07
1024,direct,16,9.463916001550387e-06
16,direct,36,4.322360999746403e-07
1048576,indirect,4,0.10846154099999694
4096,direct,2,0.00012598249999427934
8192,direct,6,0.0003849141600221628
128,direct,16,1.2047583997627954e-06
1024,indirect,35,1.2851834002503893e-05
2048,direct,20,3.831520999483473e-05
512,keyvalue,27,5.24441699963063e-06
8,keyvalue,20,6.274941800074885e-07
2048,keyvalue,11,3.134874999886961e-05
1024,keyvalue,17,1.1337667998304823e-05
4194304,indirect,8,0.5155783749996772
16384,direct,39,0.0008816616800322663
32,keyvalue,32,7.702500000050349e-07
32,direct,31,4.999312500331144e-07
4096,indirect,13,0.0002067012499901466
4,keyvalue,32,6.302400000276975e-07
1024,direct,18,9.282081999117508e-06
4096,indirect,0,0.00018733417000476037
16,direct,17,4.4825696671371893e-07
64,keyvalue,29,1.0498790999918129e-06
262144,indirect,5,0.023495083500165492
32,keyvalue,39,8.085354000286316e-07
512,keyvalue,4,5.523249999896507e-06
1024,direct,6,9.610665998479818e-06
2048,direct,30,4.203999999845109e-05
1024,direct,26,9.662666001531761e-06
32768,direct,6,0.001964722249946741
64,direct,33,7.449540999004966e-07
512,direct,12,4.529208001258666e-06
512,indirect,18,6.521375000374974e-06
4194304,direct,5,0.3647266249990935
32,direct,18,5.185250000067754e-07
32,keyvalue,15,7.776853999530431e-07
8192,indirect,4,0.0004897941600211197
128,direct,33,1.2498584001150448e-06
8,keyvalue,35,6.30916679983784e-07
64,direct,12,7.193082999947364e-07
128,direct,26,1.213975000064238e-06
512,keyvalue,16,5.483332999574486e-06
8,keyvalue,1,6.499091600198881e-07
2048,keyvalue,38,3.0066455001360736e-05
32,indirect,8,8.417604500209564e-07
64,direct,2,7.263708999744267e-07
16,indirect,22,7.193555666769195e-07
16384,indirect,8,0.0011597183199774008
16384,indirect,13,0.0011326716800249415
128,keyvalue,18,1.6408584000600967e-06
4096,direct,27,0.00016440625000541331
128,indirect,38,1.7785667998396093e-06
16384,keyvalue,2,0.0009485683600360062
256,keyvalue,32,2.8895414998260095e-06
4,indirect,32,6.207625000024564e-07
512,direct,35,4.6226669983298056e-06
8,indirect,21,6.407516600302188e-07
16,indirect,12,7.044361333100823e-07
256,keyvalue,11,2.808875000482658e-06
256,direct,12,2.3194374998638524e-06
262144,indirect,3,0.023764999999912106
32768,indirect,28,0.0024165381666231647
4,indirect,1,6.17438340013905e-07
4096,indirect,22,0.00017076541000278665
256,keyvalue,31,2.9723540001214134e-06
32,indirect,7,8.352770999408676e-07
32768,direct,20,0.001945027833395822
32768,keyvalue,28,0.0020142847500513503
2048,indirect,8,3.232187499634165e-05
1024,direct,14,9.366918002342572e-06
512,direct,25,4.511957999056904e-06
8192,keyvalue,19,0.0004002050000053714
64,direct,31,7.446707999406499e-07
256,direct,2,2.3355624998657733e-06
512,direct,1,4.742416998851695e-06
16384,direct,38,0.0008828316399740288
1024,direct,30,9.65533199996571e-06
512,direct,34,4.543667000689311e-06
256,indirect,34,3.179520999765373e-06
32768,keyvalue,32,0.0020930694166357475
16384,keyvalue,22,0.0009596966399840312
64,direct,5,7.311750001463224e-07
4096,keyvalue,10,0.00016014916998756236
4096,direct,35,0.00018911625000328058
65536,indirect,2,0.005071888833299454
256,keyvalue,22,2.898624999943422e-06
512,keyvalue,23,5.5428340001526525e-06
64,direct,20,7.258249999722466e-07
65536,keyvalue,6,0.004290972166624367
256,keyvalue,18,2.97179200060782e-06
16384,indirect,26,0.0011712850000185427
4,direct,5,3.61925839970354e-07
4096,indirect,8,0.000208466669992049
32,direct,25,5.181437500141328e-07
8192,keyvalue,15,0.00041062668002268766
1024,direct,22,1.0190916000283324e-05
262144,indirect,7,0.023758021000503504
64,indirect,19,1.0841875000551227e-06
4194304,keyvalue,8,0.37807879199863237
64,indirect,13,1.1201624998648186e-06
64,indirect,6,1.1330374998578919e-06
1048576,keyvalue,11,0.08785370800069359
2048,keyvalue,22,5.510583499926725e-05
32768,direct,34,0.0019773264166360605
8,indirect,10,6.237449999753153e-07
1048576,keyvalue,7,0.08648325000103796
262144,indirect,11,0.023405270500006736
2048,keyvalue,31,2.9539375000240397e-05
8192,keyvalue,37,0.00041679500001919225
512,direct,24,4.5945420006319185e-06
32768,indirect,22,0.00242433683327666
256,keyvalue,24,2.8340210001260858e-06
512,keyvalue,39,5.57291600125609e-06
8192,indirect,32,0.0004903791800097679
8192,indirect,39,0.0005176366600062465
256,direct,32,2.3152710000431397e-06
32768,indirect,24,0.002407361083290501
8192,keyvalue,25,0.0004454474999874947
1024,direct,5,9.395083998242626e-06
2048,keyvalue,26,4.507916999500594e-05
64,indirect,5,1.127387499946053e-06
16,direct,12,4.294166666416762e-07
128,indirect,21,1.851758400152903e-06
16384,direct,24,0.0008841000000393251
128,keyvalue,27,1.6294084001856391e-06
4,indirect,23,6.215458199949353e-07
32768,indirect,37,0.0023738124999302577
256,indirect,33,3.1879164998827034e-06
8192,direct,22,0.0004097449999972014
16,indirect,33,6.944555666753635e-07
8,keyvalue,37,6.411350000053062e-07
4096,keyvalue,0,0.00013210416998845175
65536,direct,11,0.00427143750008933
4,indirect,17,6.060583399812458e-07
128,keyvalue,39,1.6053250001277774e-06
1024,direct,15,9.518666000076338e-06
4,keyvalue,34,6.090716600010637e-07
32,keyvalue,31,7.8103124997142e-07
4096,keyvalue,25,0.00013833499999236666
256,indirect,37,3.154250000079628e-06
2048,keyvalue,33,3.619854000135092e-05
16384,indirect,33,0.0010959383600129514
16384,direct,25,0.0008638900000369176
8192,indirect,6,0.0004893900000024587
16,indirect,3,7.268055333649196e-07
16384,direct,0,0.0008619049999833805
8192,direct,14,0.0004006816599940066
8192,keyvalue,1,0.0004604299999846262
32768,indirect,11,0.0023800903333418924
4,keyvalue,6,6.12595840029826e-07
8192,keyvalue,39,0.0003846941600204445
512,keyvalue,10,5.483792001541588e-06
4,indirect,35,6.334583399802796e-07
64,keyvalue,11,1.0552334000749397e-06
128,keyvalue,3,1.6983083998638904e-06
64,direct,22,7.375334000244038e-07
128,indirect,23,1.866524999786634e-06
4096,indirect,37,0.00021728125000663567
8192,keyvalue,9,0.0004206658199836966
1024,indirect,36,1.3285334000102011e-05
32768,keyvalue,39,0.0020343923333712155
4,direct,19,3.6523333998047747e-07
2048,direct,32,5.42433299960976e-05
4096,keyvalue,22,0.00014273541999500593
128,keyvalue,31,1.6037916000641416e-06
32,keyvalue,10,7.778458500069973e-07
2048,indirect,2,7.687166499636078e-05
4096,keyvalue,7,0.00014128374999927473
2048,indirect,14,8.163374999639928e-05
16,indirect,38,7.123264000256313e-07
8,indirect,3,6.38918320000812e-07
16384,keyvalue,14,0.0009063966800022171
4,indirect,13,6.189766800162033e-07
32,direct,30,4.96225000006234e-07
8,indirect,0,6.624033400294138e-07
32768,indirect,17,0.00238273616666144
1024,indirect,13,1.2906916002975776e-05
256,indirect,6,3.1640414999856147e-06
256,direct,11,2.2948334999455256e-06
1048576,direct,9,0.08171625000068161
16384,keyvalue,31,0.0009089666400541319
8192,keyvalue,22,0.0004236558400225476
262144,direct,9,0.018582208000225364
4096,keyvalue,28,0.00017218291999597567
4,direct,12,3.7168083999858935e-07
8,direct,20,3.905875000054948e-07
16,direct,4,4.49940300010591e-07
4,direct,18,3.695508199962205e-07
4,direct,20,3.666891800094163e-07
8,indirect,5,1.211589999984426e-06
128,keyvalue,4,1.6654084000037983e-06
16384,direct,13,0.000874608320009429
128,indirect,26,1.81793320007273e-06
65536,keyvalue,5,0.004484055500142858
512,indirect,3,6.062874999770429e-06
512,keyvalue,26,5.450208000183921e-06
8192,keyvalue,4,0.00044585584000742526
1024,keyvalue,0,1.1820499999885215e-05
2048,direct,0,2.6166249999732826e-05
4,indirect,39,6.178274999911082e-07
16,direct,14,4.2507916665878536e-07
4096,direct,14,0.00013199332999647595
8192,indirect,33,0.0005164091600090615
4096,direct,23,0.0001845566699921619
512,direct,18,4.723333000583807e-06
32768,indirect,29,0.002452475750033045
32,keyvalue,21,7.888791499681247e-07
64,indirect,11,1.1271542000031332e-06
1048576,indirect,10,0.10793612499946903
4096,keyvalue,24,0.0001916625000012573
16384,direct,21,0.0008710633200098528
2048,keyvalue,20,5.5198125000970325e-05
4,direct,36,3.587224999864702e-07
2048,indirect,30,3.138979000141262e-05
4,indirect,11,6.171933400037233e-07
32768,direct,16,0.0019002916666674234
128,keyvalue,11,1.6499582001415547e-06
1024,keyvalue,22,1.215358199988259e-05
32768,indirect,14,0.002420194499942833
8192,indirect,15,0.00048386000002210495
4194304,direct,3,0.35956445899864775
8192,keyvalue,7,0.00046556916000554336
4,indirect,24,6.268183400243288e-07
8192,direct,32,0.00039010500000586035
256,indirect,21,3.110499999820604e-06
8,indirect,7,6.456616799914627e-07
8192,keyvalue,30,0.00042931168001814513
16384,keyvalue,7,0.0009593100000347476
4096,direct,29,0.0001827449999836972
1048576,direct,4,0.08315437500095868
256,direct,1,2.1679790006601253e-06
32,keyvalue,28,8.383041500565013e-07
4,keyvalue,33,6.222883400187129e-07
256,indirect,9,3.225124999516993e-06
16384,direct,11,0.0008904150000307709
32,direct,33,4.823687499992957e-07
32768,keyvalue,17,0.0020500034165706893
1024,keyvalue,38,1.139225000224542e-05
128,direct,11,1.2177082000562223e-06
128,direct,21,1.1856249999254941e-06
16384,indirect,16,0.00115827667999838
256,direct,30,2.3689789995842146e-06
16384,direct,2,0.0008657216799474554
8192,indirect,17,0.0005036016600206495
16384,indirect,37,0.0011504650000279072
16,direct,15,4.4990556665046216e-07
8192,direct,15,0.00040195665998908224
32768,keyvalue,13,0.0020323714999600875
512,indirect,13,6.165417000374873e-06
64,indirect,20,1.067266700010805e-06
8,keyvalue,11,6.391325000004144e-07
16384,direct,23,0.0008593433200439904
16,keyvalue,5,7.346694333440003e-07
8192,keyvalue,20,0.00042945834000420293
4096,direct,28,0.00016088166999907118
4194304,direct,6,0.36875708399929863
512,direct,38,4.4410410009732e-06
16,keyvalue,1,6.620486000125918e-07
1024,direct,11,1.0473165999428602e-05
8192,keyvalue,21,0.0003930158400180517
262144,keyvalue,10,0.019196500000361993
8192,indirect,21,0.0005253941599949031
8,keyvalue,4,6.307616599951871e-07
8192,indirect,8,0.0005288116600058857
1048576,keyvalue,2,0.08692629199867952
16,indirect,7,7.189180333322535e-07
8192,keyvalue,17,0.00041604499998356917
64,indirect,7,1.1199292001037974e-06
8192,direct,9,0.00040492082000127995
2048,keyvalue,23,5.752499999289285e-05
8,indirect,37,6.457824999961304e-07
512,direct,17,4.718542000773596e-06
32,keyvalue,13,8.342541500496736e-07
2048,keyvalue,1,6.185958000060054e-05
16,indirect,27,7.28454166710435e-07
4,indirect,2,6.359766600144212e-07
512,indirect,10,6.266583000979154e-06
8192,indirect,13,0.0004604783199829399
16384,indirect,30,0.0011105283600045368
512,indirect,36,5.912665999858291e-06
512,direct,32,4.424167000252055e-06
2048,keyvalue,5,6.892916499964485e-05
64,direct,11,7.288250000783592e-07
16384,keyvalue,15,0.0009393999999883818
512,indirect,6,6.404249999832246e-06
16384,keyvalue,8,0.0009364183199795661
32768,indirect,2,0.002492555583254822
65536,keyvalue,10,0.004438215166677158
16,keyvalue,34,7.338000000042181e-07
128,direct,39,1.280633400165243e-06
2048,indirect,29,5.504312500306696e-05
4,keyvalue,30,6.225466799878632e-07
32,direct,2,5.405832999713312e-07
128,keyvalue,1,1.6396333998272893e-06
32,indirect,11,8.173250000254484e-07
16,keyvalue,21,7.20830566630563e-07
32,indirect,4,9.007541500068328e-07
1024,direct,33,9.26683400030015e-06
64,indirect,4,1.1022958999092226e-06
64,keyvalue,33,1.045137499932025e-06
512,direct,22,4.470459000003757e-06
1024,keyvalue,19,1.1004083997249836e-05
64,direct,16,7.288208000318264e-07
256,indirect,18,3.1817709996175837e-06
16,keyvalue,35,7.167236000289752e-07
128,keyvalue,12,1.6008418002456893e-06
4194304,keyvalue,2,0.3824380829992151
256,indirect,36,3.364582999893173e-06
64,keyvalue,34,1.0541874999034918e-06
128,indirect,16,1.8205749998742249e-06
1048576,indirect,8,0.10825949999889417
16384,keyvalue,34,0.0009369249999872409
