Dtype,l,Method,Run,Runtime
float64,128,argsort,6,3.4743918000458508e-06
float64,16384,sort,7,0.0009321349999663653
float32,16,argsort,9,2.615030566630594e-06
float64,32768,sort,5,0.0020119756665432456
float32,4096,sort,0,0.0001689233300021442
float64,64,argsort,3,3.0407541000386117e-06
float64,16,sort,6,2.80171946669725e-06
float64,64,argsort,9,2.940291699997033e-06
float64,8192,argsort,4,0.0003928124999947613
float32,8192,argsort,8,0.00037771249997604173
float32,64,argsort,6,2.9428292000375223e-06
float64,8192,argsort,9,0.000387844180004322
float64,128,argsort,3,3.3384583999577442e-06
float64,128,sort,2,3.506375000142725e-06
float64,128,sort,6,3.444191599919577e-06
float32,128,sort,8,3.527799999937997e-06
float64,8,sort,4,2.69890581999789e-06
float64,1024,sort,7,1.3772000002063579e-05
float64,32768,sort,1,0.001984465333255988
float64,8192,sort,5,0.00040769084000203293
float32,16,argsort,1,2.6243569666500357e-06
float32,64,argsort,9,2.9940791999251814e-06
float64,4,sort,2,2.66773084000306e-06
float32,32,sort,6,2.8211916500367805e-06
float32,8192,sort,9,0.000376479999977164
float32,8,sort,9,2.7150191599866955e-06
float64,1024,sort,4,1.3475416002620478e-05
float32,32768,argsort,9,0.0019202325832641993
float64,8192,argsort,8,0.0003897383399817045
float32,4,sort,0,2.6699666599961346e-06
float64,4096,argsort,3,0.0001669075000063458
float32,4096,argsort,4,0.00016686790999301593
float32,8192,argsort,4,0.00040790999999444465
float32,16,sort,1,2.72728333335787e-06
float64,32768,argsort,7,0.0019840764167990224
float32,8,argsort,6,2.5756633399942073e-06
float64,256,argsort,5,4.572791500322637e-06
float64,8,sort,2,2.698762500003795e-06
float64,32,argsort,7,2.7412791499955347e-06
float64,4,sort,7,2.6840900000024704e-06
float64,64,sort,3,3.1088249999811525e-06
float32,8192,sort,4,0.0003728133399999933
float32,256,sort,9,4.757624999911059e-06
float32,128,sort,5,3.459900000234484e-06
float64,16384,sort,2,0.00087741832001484
float64,16384,sort,1,0.0009107000000221888
float64,16384,sort,5,0.0009113349999825004
float32,16384,sort,4,0.0008927799999946728
float32,16384,argsort,6,0.0008867866799846524
float32,32768,sort,7,0.0018865868334311624
float32,8192,sort,6,0.000384580840000126
float64,32768,argsort,0,0.0019421979166812282
float64,32768,sort,4,0.001967510416610215
float32,1024,sort,9,1.369233399964287e-05
float64,16,argsort,2,2.6097944666616967e-06
float64,16384,argsort,0,0.0008999200000107522
float32,8192,argsort,3,0.00039916918001836165
float64,512,argsort,7,7.610540998939541e-06
float32,4,sort,2,2.7031041599911988e-06
float64,32768,argsort,1,0.0019930729166238357
float32,64,argsort,1,2.966141600154515e-06
float64,4,sort,3,2.638837499980582e-06
float32,2048,argsort,4,2.9169375002311425e-05
float64,32,argsort,2,2.7236250000896687e-06
float32,16384,sort,6,0.0008515733200329123
float32,1024,argsort,8,1.3299750000442145e-05
float32,4096,argsort,3,0.00016780500000095343
float32,16,sort,9,2.718233333386403e-06
float32,16384,sort,2,0.0008514200000354321
float64,4,argsort,9,2.5979274999917833e-06
float32,256,argsort,8,4.63099999979022e-06
float64,4096,argsort,7,0.00016859958001077757
float64,128,sort,4,3.5516334002750227e-06
float32,512,sort,7,7.579458000691375e-06
float64,8,argsort,2,2.6128266599698693e-06
float32,512,argsort,7,7.4442500008444765e-06
float32,16,argsort,7,2.6055069332869607e-06
float32,256,argsort,1,4.6187289999579665e-06
float32,256,argsort,6,4.6441670001513556e-06
float64,128,sort,3,3.5649000001285457e-06
float64,64,argsort,1,3.0667125000036323e-06
float64,32768,argsort,5,0.001953739583314018
float64,256,sort,2,4.745812500004831e-06
float32,8192,argsort,6,0.00037479749997146425
float64,64,argsort,6,2.974358300161839e-06
float32,32768,argsort,1,0.0018999166666920548
float32,64,argsort,0,3.0207791000066208e-06
float32,64,sort,0,3.0987000000095576e-06
float64,2048,argsort,8,7.96187500054657e-05
float64,64,sort,2,3.062750000026426e-06
float64,32,sort,6,2.8092750000723755e-06
float64,64,sort,8,3.2093834000988865e-06
float32,32,sort,5,2.8495896000094946e-06
float32,1024,sort,3,1.3602666000224418e-05
float32,256,sort,5,4.796083499968518e-06
float32,128,argsort,7,3.3366750001732726e-06
float64,4096,argsort,4,0.00016420042000390823
float64,16,argsort,5,2.6680819333705586e-06
float32,16,argsort,0,2.621980533331225e-06
float32,4,sort,1,2.6824324999688543e-06
float32,16,sort,4,2.7309208332856844e-06
float32,8192,argsort,1,0.00038498832000186665
float64,4096,sort,5,0.00018272709001394106
float64,16,sort,4,2.7473986000283427e-06
float32,32,argsort,9,2.703243750056572e-06
float32,32768,sort,2,0.0019091075832875504
float32,256,sort,7,4.627895499652368e-06
float32,256,sort,4,4.92156249947584e-06
float64,32,sort,9,2.7741812499698427e-06
float64,32768,sort,0,0.001976579833353753
float64,32768,sort,9,0.0019840208333334886
float64,16384,argsort,5,0.0008847983199666487
float64,32,sort,3,2.8036228999553713e-06
float32,64,sort,2,3.0610917001467897e-06
float32,4,sort,7,2.712977499977569e-06
float64,8192,sort,0,0.0004127274999700603
float64,1024,sort,9,2.2302416000457014e-05
float64,128,argsort,9,3.3010416002070995e-06
float64,512,argsort,2,7.364125000094645e-06
float64,8,sort,3,2.699236680018657e-06
float32,2048,sort,1,2.937104000011459e-05
float64,1024,sort,6,1.412374999927124e-05
float64,8192,sort,8,0.000396722499972384
float64,4096,sort,9,0.0001752916700024798
float64,256,sort,4,4.7386460000780065e-06
float64,4,sort,4,2.6483350000125937e-06
float64,8,argsort,7,2.6150166600200466e-06
float32,1024,argsort,6,1.3527334001992131e-05
float32,8,sort,3,2.715489179972792e-06
float32,2048,argsort,8,2.757582999947772e-05
float64,4,argsort,8,2.604991660009546e-06
float64,32,argsort,6,2.6907749999736552e-06
float32,16,argsort,3,2.5883527666640777e-06
float64,512,sort,7,7.761667000522721e-06
float64,32768,argsort,3,0.0020213090832233624
float32,4096,sort,1,0.0001766141700136359
float32,2048,argsort,1,7.621708499755186e-05
float64,64,argsort,8,2.9665707999811273e-06
float32,256,sort,3,4.6852704999764686e-06
float64,4096,argsort,0,0.00016908040999624063
float64,32,argsort,3,2.6269437500559434e-06
float64,2048,sort,2,5.3381039997475454e-05
float64,4,argsort,1,2.5692833200082532e-06
float32,2048,sort,6,2.778874999421532e-05
float64,4,sort,0,2.656837499998801e-06
float32,32,argsort,0,2.657764600007795e-06
float64,8,sort,5,2.707654160003585e-06
float32,1024,argsort,4,1.3304167998285266e-05
float32,8192,argsort,0,0.00037983250000252157
float64,16384,argsort,9,0.0009339583200198831
float32,4096,sort,2,0.00017155249999632361
float32,128,argsort,8,8.344216600016807e-06
float64,16,argsort,1,2.730077766621738e-06
float32,256,argsort,7,4.543000000012398e-06
float64,1024,sort,1,1.4108250001299894e-05
float64,256,sort,7,4.684354499659094e-06
float32,16384,argsort,1,0.0008641950000310317
float64,8192,sort,9,0.0003989983400242636
float64,8192,argsort,3,0.0003962383399993996
float64,4096,sort,8,0.00018120208998880115
float32,1024,argsort,5,1.337950000015553e-05
float32,32768,sort,8,0.001878517416722995
float32,1024,sort,1,1.321083400034695e-05
float64,4,sort,5,2.6661999999851104e-06
float64,16,argsort,8,2.641566666655611e-06
float32,256,argsort,3,4.572187500343717e-06
float32,16384,argsort,5,0.0008626266800274607
float64,1024,argsort,5,2.5153999999020017e-05
float32,16384,argsort,8,0.0008718266799405683
float32,2048,sort,8,6.455521000134468e-05
float64,8192,sort,1,0.00039033749999362044
float64,4096,argsort,2,0.00017661500000031082
float64,16,sort,3,2.767526399960237e-06
float64,1024,argsort,8,1.3964499998110114e-05
float32,1024,sort,8,1.3283584001328563e-05
float64,8,argsort,4,2.5930666599742836e-06
float32,32,sort,3,2.82395419999375e-06
float32,1024,argsort,9,1.337625000087428e-05
float32,128,sort,7,3.6148668001260374e-06
float32,1024,sort,5,1.3546915997721953e-05
float32,64,sort,1,3.1460500000321188e-06
float64,32,sort,8,2.847875000043132e-06
float32,512,argsort,1,7.389708000118845e-06
float64,64,argsort,7,2.9409709000901783e-06
float32,32,sort,8,2.857200000016746e-06
float32,8,argsort,8,2.587332499970216e-06
float32,2048,argsort,6,2.8626040002563968e-05
float64,8192,sort,4,0.000388679179995961
float32,256,sort,8,4.8906250003710736e-06
float32,4,argsort,7,2.5604625000050875e-06
float64,256,sort,0,4.770812500282773e-06
float32,4096,sort,5,0.00016219791999901644
float32,8,argsort,1,2.6093558400316395e-06
float32,4096,argsort,7,0.00013650082999447477
float64,256,argsort,7,4.590354499669047e-06
float32,32,sort,4,2.8004916500321996e-06
float64,32,argsort,9,2.7452333499240923e-06
float32,4,sort,5,2.7053150000210737e-06
float32,128,sort,2,3.563608200056478e-06
float64,16,sort,8,2.712215266668257e-06
float64,8,argsort,3,2.6029666600152268e-06
float32,128,argsort,4,3.477750000092783e-06
float64,2048,argsort,5,5.3693749996455154e-05
float64,2048,argsort,0,6.489250000413449e-05
float32,512,sort,4,7.5661669998225985e-06
float64,8192,sort,7,0.0003940700000021025
float64,4096,argsort,5,0.00017810375000408386
float64,32,sort,2,2.8256312500161586e-06
float32,32,argsort,1,2.6764083499983825e-06
float32,512,argsort,5,7.482125000024098e-06
float32,2048,sort,7,3.524749999996857e-05
float32,4096,sort,7,0.0001388316699922143
float32,64,argsort,2,2.9868749999877766e-06
float64,128,argsort,5,3.3361750000040046e-06
float64,4096,argsort,6,0.00016968083000392653
float32,512,argsort,4,7.258917001308873e-06
float64,8,argsort,8,2.5995825000063634e-06
float32,32,sort,2,2.8245917000276675e-06
float64,2048,sort,7,6.179771000461187e-05
float64,8,argsort,5,2.5825925000026474e-06
float64,4,argsort,6,2.548099999985425e-06
float64,8192,argsort,2,0.00039184583998576274
float64,512,argsort,5,7.321666000279947e-06
float64,4,sort,8,2.6461691599979533e-06
float32,16384,sort,8,0.0008707549999962794
float64,512,argsort,1,7.31791699945461e-06
float32,16384,sort,3,0.0008600283199484693
float64,8,sort,0,2.704248340014601e-06
float64,8,argsort,6,2.5862016600149218e-06
float32,512,sort,1,7.581500000014785e-06
float64,16384,sort,9,0.0009035166800458683
float32,4096,sort,3,0.0001769395800147322
float32,8192,argsort,9,0.00041181168002367484
float64,8192,argsort,5,0.0004216183400058071
float32,8192,sort,7,0.0003758966800160124
float32,4096,sort,4,0.00014037290999112883
float64,4096,sort,2,0.00017346333999739726
float32,16,argsort,6,2.5866069333157307e-06
float64,512,sort,1,7.451000001310603e-06
float32,32,sort,7,2.8435125000214613e-06
float32,64,sort,7,3.1105207999644337e-06
float32,16,sort,5,2.7890055666527282e-06
float32,2048,argsort,0,2.8521249996629196e-05
float32,256,argsort,2,4.565312500744767e-06
float32,128,argsort,0,3.433500000028289e-06
float32,32768,sort,1,0.001909579833409225
float32,16384,sort,1,0.0008761583199520828
float32,16384,argsort,0,0.000873409999985597
float32,4096,sort,6,0.00015015584000138915
float32,32,argsort,7,2.737656249973952e-06
float64,2048,sort,8,5.19443749999482e-05
float64,4096,sort,6,0.00016681625000273926
float64,16384,sort,0,0.0008933833600167418
float64,256,argsort,4,4.658541999560839e-06
float64,32768,sort,2,0.001987833333259914
float64,32,argsort,4,2.6784041500832244e-06
float64,32768,sort,6,0.0019967222500175317
float64,16,sort,5,2.750652766674951e-06
float32,8,argsort,7,2.6155424999888054e-06
float64,1024,argsort,9,1.3674916001036764e-05
float64,128,argsort,0,3.3168415997351987e-06
float32,32,argsort,8,2.7217146000111827e-06
float64,4,argsort,3,2.568417500006035e-06
float32,4,argsort,6,2.5866183199832447e-06
float32,32,argsort,4,2.738543750001554e-06
float32,8,argsort,4,2.601389179981197e-06
float32,256,argsort,5,4.687416500019026e-06
float32,1024,argsort,1,1.3399584000580943e-05
float64,4096,argsort,9,0.00017354124998746555
float32,16,sort,7,2.7661972332983473e-06
float32,1024,argsort,7,1.3305249998666114e-05
float32,16,sort,8,2.770118066655414e-06
float32,8192,sort,1,0.00037069168000016363
float32,2048,argsort,7,4.5630204995177336e-05
float32,32768,argsort,0,0.0018934617499629287
float64,8,sort,7,2.655582500010496e-06
float64,2048,argsort,3,6.00635449973197e-05
float32,16,argsort,4,2.5624889000027905e-06
float64,8,sort,8,2.7297658199677244e-06
float32,64,argsort,3,2.950629200131516e-06
float64,16,argsort,6,2.657438866723775e-06
float32,4,argsort,5,2.572078320008586e-06
float32,64,sort,8,3.112283399968874e-06
float64,4,sort,1,2.6411708399973576e-06
float64,16,sort,2,2.7757819333298056e-06
float64,4,argsort,5,2.5929708399780793e-06
float32,2048,sort,5,2.9482915006155964e-05
float32,16,sort,6,2.7748972333332252e-06
float64,32768,argsort,6,0.0020441631666775115
float32,1024,sort,0,1.7494333998911315e-05
float32,4,sort,8,2.7551158200003556e-06
float64,16384,sort,8,0.000876588319952134
float32,1024,sort,7,1.3898500001232605e-05
float64,128,argsort,8,3.351583399853553e-06
float32,8192,argsort,5,0.0003711691599892219
float64,4096,sort,3,0.000188743329999852
float64,8192,argsort,6,0.00041081915998802287
float64,32,sort,0,2.8286250000746803e-06
float32,16384,argsort,4,0.0008739966800203547
float32,32768,argsort,6,0.0019139930832352547
float32,4,argsort,1,2.582110000003013e-06
float32,8,sort,6,2.7072708400010016e-06
float32,128,argsort,3,3.3930667999811705e-06
float32,64,sort,3,3.136066700062656e-06
float32,1024,argsort,0,1.3532167999073862e-05
float32,2048,sort,4,3.5920625005019244e-05
float64,2048,argsort,1,5.1406454995230886e-05
float64,512,argsort,6,7.517500000176369e-06
float64,512,argsort,8,7.3738329992920624e-06
float64,4096,sort,1,0.00017081708001569494
float64,2048,sort,4,7.409146000100009e-05
float32,512,sort,3,7.392166000499856e-06
float32,32768,sort,6,0.0019279166666213616
float32,16,argsort,8,2.6276874999894064e-06
float32,8,sort,5,2.7037933400060866e-06
float64,8192,sort,3,0.00039500250000855885
float32,8192,sort,5,0.00039645916000154104
float32,2048,sort,2,3.8014165002095977e-05
float32,128,sort,0,3.510691600240534e-06
float64,64,sort,1,3.1215791999784416e-06
float32,16,argsort,2,2.6692055666596086e-06
float64,16,sort,0,2.788337499987392e-06
float32,4096,sort,9,0.000144424580012128
float64,512,sort,0,7.354249999480089e-06
float64,64,sort,5,3.063358299914398e-06
float32,128,argsort,5,3.4256750001077308e-06
float64,128,sort,5,3.460683199955383e-06
float64,4,argsort,7,2.5530458399953204e-06
float64,128,sort,1,3.4812833997420966e-06
float64,16,sort,9,2.7360555666746223e-06
float32,8,argsort,9,2.5465824999992037e-06
float32,64,argsort,5,2.964362499915296e-06
float32,32768,sort,5,0.0019114166666440724
float64,512,sort,2,8.160332999977981e-06
float32,8,argsort,2,2.5616799999988873e-06
float32,16384,argsort,7,0.000871921639991342
float64,8,argsort,0,2.579440840017924e-06
float64,512,sort,3,7.713582999713253e-06
float64,2048,sort,0,5.99612500082003e-05
float64,1024,sort,8,2.943733199936105e-05
float64,16384,sort,4,0.000893004999961704
float32,8192,sort,0,0.00039856749997852604
float64,16384,argsort,3,0.0009152583200193476
float32,4096,argsort,0,0.00017975624999962746
float64,32,argsort,0,2.6391416499791375e-06
float64,16384,argsort,1,0.0008828516799985664
float32,32768,sort,9,0.00193422225008059
float32,1024,argsort,3,1.3597499997558771e-05
float64,256,sort,9,4.65343749965541e-06
float32,32,sort,1,2.8660958500040577e-06
float64,512,sort,5,7.528958001785213e-06
float64,1024,argsort,7,1.5178000001469627e-05
float64,256,sort,6,4.67839599969011e-06
float32,128,argsort,2,3.4302416002901735e-06
float32,1024,sort,2,1.449050000155694e-05
float64,128,argsort,2,3.4139750001486392e-06
float32,512,sort,5,7.224540999231976e-06
float64,64,sort,9,3.027783400102635e-06
float32,64,sort,9,3.094683299968892e-06
float32,8,argsort,0,2.556989999975485e-06
float64,32,sort,5,2.8043958500347798e-06
float32,16,sort,0,2.742934700048257e-06
float32,128,sort,3,3.473991599821602e-06
float64,2048,sort,3,5.363916999158391e-05
float32,512,argsort,9,7.391749999442254e-06
float32,2048,sort,3,3.1074375001480803e-05
float32,128,argsort,6,3.317508400141378e-06
float64,32768,sort,3,0.002011628499985818
float64,4096,argsort,8,0.00017544624999572987
float64,64,argsort,4,2.9451458000039566e-06
float64,8192,argsort,0,0.00039692416001344097
float32,64,sort,6,3.0890416999682202e-06
float64,16384,argsort,8,0.0009046400000079302
float64,32,sort,7,2.84365000006801e-06
float64,1024,argsort,4,2.0333584001491545e-05
float64,256,argsort,0,4.621437499736203e-06
float64,2048,argsort,4,5.815041500682128e-05
float64,2048,sort,6,7.832166499611049e-05
float32,4,argsort,9,2.603022500006773e-06
float64,256,argsort,6,4.6655625001221775e-06
float32,8,sort,4,2.713081659967429e-06
float64,32768,argsort,4,0.002013982666691542
float32,4096,argsort,8,0.00017874625000331436
float64,128,argsort,4,3.4426832000463036e-06
float64,32,argsort,5,2.6679291499931424e-06
float64,2048,sort,9,5.7555835001039666e-05
float32,4,sort,6,2.701950000009674e-06
float64,32,sort,1,2.82024164998802e-06
float32,256,argsort,4,4.485416499846906e-06
float32,8,argsort,5,2.5694358400141936e-06
float64,8192,sort,6,0.00039522168000985405
float64,32,argsort,8,2.7402083500419396e-06
float32,8,argsort,3,2.613355839966971e-06
float64,16,sort,7,2.770412499982437e-06
float64,4096,sort,0,0.00017005333000270185
float32,4096,argsort,6,0.00014555167001162773
float32,512,argsort,8,7.747875000859494e-06
float32,1024,sort,4,1.3719418002438032e-05
float32,4096,argsort,2,0.0001320783300070616
float32,128,sort,9,3.543666800032952e-06
float32,256,argsort,9,4.5590834997710775e-06
float64,32768,argsort,2,0.0020287430832771256
float32,4096,argsort,1,0.00015504249999139574
float64,32768,sort,8,0.0020136145834233807
float32,16384,sort,0,0.0008733583200228168
float64,256,sort,5,4.7593954996045795e-06
float32,512,argsort,2,7.391625000309432e-06
float32,8,sort,7,2.7094358400063356e-06
float32,32,argsort,5,2.7432978999968326e-06
float32,16384,argsort,9,0.0008729733200016199
float32,8,sort,8,2.722516680005356e-06
float64,32768,sort,7,0.002029295166569985
float32,16384,sort,9,0.000858016679994762
float32,512,argsort,0,7.4341249983262965e-06
float32,32,argsort,3,2.7670458500324456e-06
float32,32768,argsort,3,0.0018646596666561284
float32,2048,sort,9,4.760312499456632e-05
float32,512,sort,0,7.3088339995592836e-06
float32,32768,argsort,7,0.0018836111667042132
float32,8192,argsort,2,0.00038823666000098456
float64,1024,sort,2,2.8512084001704353e-05
float64,16,argsort,7,2.6978166666594917e-06
float64,8,argsort,1,2.582284999989497e-06
float64,256,argsort,2,4.645145500035142e-06
float64,512,argsort,0,7.455667000613175e-06
float64,256,sort,1,4.7674374991402145e-06
float32,4,argsort,3,2.6025325000227896e-06
float64,1024,argsort,3,1.3398999999481021e-05
float64,16,argsort,4,2.6331125000069735e-06
float64,16384,argsort,2,0.0008861050000268733
float32,8,sort,1,2.703051680000499e-06
float64,2048,argsort,7,5.7503124999129796e-05
float32,128,argsort,9,3.3396584000001896e-06
float64,64,sort,7,3.1279750000976492e-06
float32,256,sort,2,4.637042000467773e-06
float32,4096,argsort,5,0.000156148750011198
float32,1024,argsort,2,1.369958199938992e-05
float32,256,sort,0,4.8395415005870745e-06
float64,16384,argsort,4,0.0008931983199727256
float32,128,sort,4,3.573941599825048e-06
float32,32,sort,0,2.8460520999942673e-06
float32,4096,sort,8,0.00013604041998405592
float32,64,argsort,8,2.9497124998670187e-06
float32,32768,argsort,5,0.0019088924166984118
float64,4,argsort,4,2.570492500017281e-06
float64,4,argsort,0,2.6198649999787448e-06
float32,512,argsort,3,7.46995900044567e-06
float64,8,argsort,9,2.5890183199953753e-06
float64,512,sort,4,7.384917000308633e-06
float64,2048,argsort,6,6.364437499541963e-05
float64,256,argsort,8,4.85995799954253e-06
float64,512,argsort,3,8.12262499857752e-06
float64,512,sort,8,7.758124998872517e-06
float64,8192,sort,2,0.00040230750000773695
float64,4096,argsort,1,0.0001743191700006719
float64,4,argsort,2,2.5713275000089198e-06
float64,64,sort,6,3.1574374999763675e-06
float32,32768,sort,3,0.001968736166721404
float32,128,sort,6,3.5235000003012827e-06
float32,512,sort,2,7.551958000476588e-06
float64,1024,sort,5,1.3832083997840527e-05
float64,8,sort,6,2.6940933199875872e-06
float64,128,argsort,1,3.2653665999532676e-06
float32,32768,sort,0,0.0019005729166868453
float32,4,argsort,4,2.566241680033272e-06
float32,32,sort,9,2.8173416500067104e-06
float32,512,sort,9,7.275625001057051e-06
float32,32,argsort,6,2.695208349996392e-06
float64,4096,sort,7,0.00016865416000655387
float64,8,sort,9,2.709816659989883e-06
float64,2048,sort,5,5.6214165006167605e-05
float32,512,sort,6,7.484333000320476e-06
float32,16,sort,2,2.781152766692685e-06
float64,64,argsort,2,2.9652125000211526e-06
float64,16,argsort,3,2.6958499999940007e-06
float64,256,sort,3,4.737979500532674e-06
float32,8,sort,2,2.6703449999695295e-06
float32,8,sort,0,2.765781660018547e-06
float64,16,argsort,9,2.633306966708915e-06
float64,128,sort,8,3.4642665999854217e-06
float64,512,argsort,4,7.281000000148196e-06
float64,1024,sort,3,1.5731415998743613e-05
float32,32,argsort,2,2.7383353999539394e-06
float64,32,sort,4,2.851304199975857e-06
float64,256,argsort,9,4.68370850012434e-06
float64,8192,argsort,1,0.0003967499999998836
float64,16384,sort,6,0.0009026816800178494
float32,64,sort,4,3.1410499999765306e-06
float64,256,sort,8,4.845062499953201e-06
float64,8,sort,1,2.7222949999850243e-06
float64,128,sort,7,3.466083199964487e-06
float64,4,sort,9,2.677503320010146e-06
float32,4,sort,3,2.714589999995951e-06
float64,256,argsort,1,4.663728999730666e-06
float64,2048,sort,1,5.732104000344407e-05
float64,4,sort,6,2.7072133399997258e-06
float32,256,sort,1,4.768167000293033e-06
float64,16,sort,1,2.742920833346337e-06
float64,128,sort,0,3.4892333998868707e-06
float64,16384,argsort,6,0.0008911433599860175
float32,128,argsort,1,3.4530584001913667e-06
float32,2048,argsort,5,2.7972710004178225e-05
float32,64,argsort,4,3.045974999986356e-06
float32,16384,argsort,2,0.0008598583199636778
float32,4,argsort,2,2.5986391799960984e-06
float64,2048,argsort,9,5.406354000115243e-05
float32,4,sort,9,2.695682500016119e-06
float64,512,sort,9,7.663583999601542e-06
float32,512,sort,8,7.560582998848986e-06
float32,16,argsort,5,2.6363083333611335e-06
float32,8192,sort,8,0.00038089415997092144
float32,2048,argsort,9,5.477646000144887e-05
float32,256,sort,6,4.704416500317166e-06
float32,2048,sort,0,2.8140209997218336e-05
float64,64,sort,4,3.0968166998718517e-06
float32,16384,sort,7,0.0008708633200149051
float64,16,argsort,0,2.669209733358002e-06
float32,512,argsort,6,7.564542000181973e-06
float64,512,sort,6,7.665124998311512e-06
float32,16384,sort,5,0.0008619433199783088
float32,128,sort,1,3.5397499999817226e-06
float64,1024,argsort,2,1.3670584001374664e-05
float64,32,argsort,1,2.7125500000693135e-06
float32,1024,sort,6,1.3392916000157129e-05
float32,2048,argsort,3,3.759457999876759e-05
float32,32768,sort,4,0.0019224097498711974
float32,64,sort,5,3.077708300043014e-06
float64,64,argsort,0,2.9490291000911384e-06
float64,16384,sort,3,0.0008955366399459308
float64,1024,argsort,6,1.8846666000172263e-05
float64,128,sort,9,3.4792082002240933e-06
float64,32768,argsort,8,0.0019837569166156754
float32,16,sort,3,2.7600305666661977e-06
float32,4096,argsort,9,0.00017467333000240615
float32,16384,argsort,3,0.0009004566399380564
float64,2048,argsort,2,7.771791999402922e-05
float64,1024,sort,0,2.5563499999407213e-05
float64,4096,sort,4,0.00016643291000946193
float32,8192,argsort,7,0.0003800333199978922
float64,8192,argsort,7,0.00041498334001516924
float64,512,argsort,9,7.589416998598608e-06
float32,2048,argsort,2,3.5956249994342216e-05
float32,4,argsort,8,2.597577499982435e-06
float64,1024,argsort,0,1.3777249998383923e-05
float64,1024,argsort,1,1.3462165999953867e-05
float32,4,sort,4,2.6972608199866954e-06
float32,32768,argsort,8,0.0019164479167557147
float32,32768,argsort,4,0.0018989618333762337
float32,64,argsort,7,2.9867166998883477e-06
float32,4,argsort,0,2.6403241600201e-06
float32,8192,sort,3,0.00037543499998719197
float64,16384,argsort,7,0.0009410033200401812
float64,64,argsort,5,2.992591700058256e-06
float64,32768,argsort,9,0.001983673583254131
float64,64,sort,0,3.0774250000831672e-06
float32,32768,argsort,2,0.0019051423332712147
float32,256,argsort,0,4.569062500195287e-06
float32,8192,sort,2,0.00037540249999437944
float64,128,argsort,7,3.345824999996694e-06
float64,256,argsort,3,4.625020999810658e-06
