Series length,Number of samples,Estimator,Runtime_multi,Runtime_per_sample
16,1,moment_quant_approx_intervals,0.0045019579993095,0.0045019579993095
16,2,moment_quant_approx_intervals,0.0045539589991676,0.0022769794995838
16,3,moment_quant_approx_intervals,0.0046140409976942,0.0015380136658980665
16,4,moment_quant_approx_intervals,0.0045573339994007,0.001139333499850175
16,8,moment_quant_approx_intervals,0.0046130000009725,0.0005766250001215625
16,10,moment_quant_approx_intervals,0.0045922499994048,0.00045922499994047997
16,16,moment_quant_approx_intervals,0.0046542919990315,0.0002908932499394688
16,30,moment_quant_approx_intervals,0.0047524590008833,0.00015841530002944334
16,32,moment_quant_approx_intervals,0.0047659580013714,0.00014893618754285626
16,64,moment_quant_approx_intervals,0.0050684590023593,7.919467191186407e-05
16,100,moment_quant_approx_intervals,0.0052997909988334,5.2997909988334e-05
16,300,moment_quant_approx_intervals,0.0069811250032216,2.3270416677405333e-05
16,1000,moment_quant_approx_intervals,0.0130437080006231,1.30437080006231e-05
16,3000,moment_quant_approx_intervals,0.0307088749977992,1.0236291665933067e-05
16,10000,moment_quant_approx_intervals,0.104131584001152,1.04131584001152e-05
32,1,moment_quant_approx_intervals,0.0099142090002715,0.0099142090002715
32,2,moment_quant_approx_intervals,0.0101742910010216,0.0050871455005108
32,3,moment_quant_approx_intervals,0.0102312079980038,0.0034104026660012666
32,4,moment_quant_approx_intervals,0.0102428339996549,0.002560708499913725
32,8,moment_quant_approx_intervals,0.0103360419998352,0.0012920052499794
32,10,moment_quant_approx_intervals,0.0103293339998344,0.00103293339998344
32,16,moment_quant_approx_intervals,0.0104032499984896,0.0006502031249056
32,30,moment_quant_approx_intervals,0.0106575840000004,0.00035525280000001336
32,32,moment_quant_approx_intervals,0.0107096660030947,0.00033467706259670936
32,64,moment_quant_approx_intervals,0.0112333750003017,0.00017552148437971406
32,100,moment_quant_approx_intervals,0.0120379169966327,0.00012037916996632699
32,300,moment_quant_approx_intervals,0.0164304589998209,5.4768196666069675e-05
32,1000,moment_quant_approx_intervals,0.0305535410006996,3.05535410006996e-05
32,3000,moment_quant_approx_intervals,0.0729578749997017,2.4319291666567233e-05
32,10000,moment_quant_approx_intervals,0.2443987920014478,2.443987920014478e-05
64,1,moment_quant_approx_intervals,0.0205602919995726,0.0205602919995726
64,2,moment_quant_approx_intervals,0.020971207999537,0.0104856039997685
64,3,moment_quant_approx_intervals,0.0210513750025711,0.007017125000857033
64,4,moment_quant_approx_intervals,0.0210864170003333,0.005271604250083325
64,8,moment_quant_approx_intervals,0.0212038749996281,0.0026504843749535125
64,10,moment_quant_approx_intervals,0.021317041999282,0.0021317041999281998
64,16,moment_quant_approx_intervals,0.0215145839974866,0.0013446614998429125
64,30,moment_quant_approx_intervals,0.0220403749990509,0.00073467916663503
64,32,moment_quant_approx_intervals,0.0221222079999279,0.0006913189999977468
64,64,moment_quant_approx_intervals,0.0232095419996767,0.0003626490937449484
64,100,moment_quant_approx_intervals,0.0247645410017867,0.000247645410017867
64,300,moment_quant_approx_intervals,0.0339285000009113,0.00011309500000303766
64,1000,moment_quant_approx_intervals,0.0654101660002197,6.54101660002197e-05
64,3000,moment_quant_approx_intervals,0.154474625000148,5.1491541666715996e-05
64,10000,moment_quant_approx_intervals,0.5458338749995164,5.4583387499951644e-05
128,1,moment_quant_approx_intervals,0.021788000001834,0.021788000001834
128,2,moment_quant_approx_intervals,0.0221693339990451,0.01108466699952255
128,3,moment_quant_approx_intervals,0.0223957909984164,0.0074652636661388
128,4,moment_quant_approx_intervals,0.0223898339972947,0.005597458499323675
128,8,moment_quant_approx_intervals,0.022637209000095,0.002829651125011875
128,10,moment_quant_approx_intervals,0.0228005410026526,0.00228005410026526
128,16,moment_quant_approx_intervals,0.0230619169997225,0.0014413698124826563
128,30,moment_quant_approx_intervals,0.0236842499980411,0.0007894749999347033
128,32,moment_quant_approx_intervals,0.0238735420025477,0.0007460481875796156
128,64,moment_quant_approx_intervals,0.025476750000962,0.00039807421876503126
128,100,moment_quant_approx_intervals,0.0288736250004149,0.000288736250004149
128,300,moment_quant_approx_intervals,0.0405700410010467,0.000135233470003489
128,1000,moment_quant_approx_intervals,0.0827299169977777,8.272991699777769e-05
128,3000,moment_quant_approx_intervals,0.2038737500006391,6.795791666687969e-05
128,10000,moment_quant_approx_intervals,0.8637572080006066,8.637572080006067e-05
192,1,moment_quant_approx_intervals,0.0173858750022191,0.0173858750022191
192,2,moment_quant_approx_intervals,0.0178009159972134,0.0089004579986067
192,3,moment_quant_approx_intervals,0.0179689159995177,0.0059896386665059
192,4,moment_quant_approx_intervals,0.0180275839993555,0.004506895999838875
192,8,moment_quant_approx_intervals,0.0183006669976748,0.00228758337470935
192,10,moment_quant_approx_intervals,0.0183711669997137,0.00183711669997137
192,16,moment_quant_approx_intervals,0.018788500001392,0.001174281250087
192,30,moment_quant_approx_intervals,0.0195592920026683,0.0006519764000889433
192,32,moment_quant_approx_intervals,0.0197565000016766,0.0006173906250523937
192,64,moment_quant_approx_intervals,0.0214042500010691,0.0003344414062667047
192,100,moment_quant_approx_intervals,0.0237760830023034,0.000237760830023034
192,300,moment_quant_approx_intervals,0.0383436669981165,0.000127812223327055
192,1000,moment_quant_approx_intervals,0.0884487920011452,8.84487920011452e-05
192,3000,moment_quant_approx_intervals,0.2450700409972341,8.16900136657447e-05
192,10000,moment_quant_approx_intervals,1.1962113749978016,0.00011962113749978016
256,1,moment_quant_approx_intervals,0.0175591659972269,0.0175591659972269
256,2,moment_quant_approx_intervals,0.0181184590001066,0.0090592295000533
256,3,moment_quant_approx_intervals,0.0182475000001431,0.0060825000000477
256,4,moment_quant_approx_intervals,0.0183587920000718,0.00458969800001795
256,8,moment_quant_approx_intervals,0.0186630829994101,0.0023328853749262626
256,10,moment_quant_approx_intervals,0.0187733749990002,0.00187733749990002
256,16,moment_quant_approx_intervals,0.0191727919991535,0.0011982994999470938
256,30,moment_quant_approx_intervals,0.0201147090010636,0.0006704903000354533
256,32,moment_quant_approx_intervals,0.0202787920025002,0.0006337122500781312
256,64,moment_quant_approx_intervals,0.0232634999993024,0.0003634921874891
256,100,moment_quant_approx_intervals,0.0249857079979847,0.000249857079979847
256,300,moment_quant_approx_intervals,0.0423462919970916,0.000141154306656972
256,1000,moment_quant_approx_intervals,0.1044660829975328,0.0001044660829975328
256,3000,moment_quant_approx_intervals,0.2726924999988114,9.08974999996038e-05
256,10000,moment_quant_approx_intervals,1.4089707080020162,0.00014089707080020163
384,1,moment_quant_approx_intervals,0.0252704170015931,0.0252704170015931
384,2,moment_quant_approx_intervals,0.0259135420019447,0.01295677100097235
384,3,moment_quant_approx_intervals,0.0261296669996227,0.008709888999874233
384,4,moment_quant_approx_intervals,0.0262867920027929,0.006571698000698225
384,8,moment_quant_approx_intervals,0.0266525420011021,0.0033315677501377624
384,10,moment_quant_approx_intervals,0.0267939590012247,0.00267939590012247
384,16,moment_quant_approx_intervals,0.0274832909999531,0.0017177056874970687
384,30,moment_quant_approx_intervals,0.0284699160001764,0.00094899720000588
384,32,moment_quant_approx_intervals,0.0287049580001621,0.0008970299375050656
384,64,moment_quant_approx_intervals,0.0322225409981911,0.0005034772030967359
384,100,moment_quant_approx_intervals,0.0361035000023548,0.000361035000023548
384,300,moment_quant_approx_intervals,0.0567172089977248,0.00018905736332574933
384,1000,moment_quant_approx_intervals,0.1374387920004665,0.0001374387920004665
384,3000,moment_quant_approx_intervals,0.4053837499996007,0.00013512791666653355
384,10000,moment_quant_approx_intervals,2.203153416998248,0.00022031534169982477
512,1,moment_quant_approx_intervals,0.025583833001292,0.025583833001292
512,2,moment_quant_approx_intervals,0.0264583339994715,0.01322916699973575
512,3,moment_quant_approx_intervals,0.0268357909990299,0.0089452636663433
512,4,moment_quant_approx_intervals,0.0268608329970447,0.006715208249261175
512,8,moment_quant_approx_intervals,0.027334417001839,0.003416802125229875
512,10,moment_quant_approx_intervals,0.027683333002642,0.0027683333002641998
512,16,moment_quant_approx_intervals,0.0282492080004885,0.0017655755000305312
512,30,moment_quant_approx_intervals,0.0297050000008312,0.0009901666666943733
512,32,moment_quant_approx_intervals,0.0300974579986359,0.0009405455624573719
512,64,moment_quant_approx_intervals,0.0349491250017308,0.0005460800781520438
512,100,moment_quant_approx_intervals,0.0398625000016181,0.00039862500001618096
512,300,moment_quant_approx_intervals,0.0638854169992555,0.00021295138999751832
512,1000,moment_quant_approx_intervals,0.1627986249986861,0.0001627986249986861
512,3000,moment_quant_approx_intervals,0.4783561670010385,0.00015945205566701283
512,10000,moment_quant_approx_intervals,2.4826617910002824,0.00024826617910002824
768,1,moment_quant_approx_intervals,0.0287124999995285,0.0287124999995285
768,2,moment_quant_approx_intervals,0.0297272909992898,0.0148636454996449
768,3,moment_quant_approx_intervals,0.0300742500003252,0.0100247500001084
768,4,moment_quant_approx_intervals,0.0302907499972207,0.007572687499305175
768,8,moment_quant_approx_intervals,0.0309459170021,0.0038682396252625
768,10,moment_quant_approx_intervals,0.0310308329972031,0.0031030832997203097
768,16,moment_quant_approx_intervals,0.0320382919999246,0.0020023932499952874
768,30,moment_quant_approx_intervals,0.0348719590001564,0.0011623986333385466
768,32,moment_quant_approx_intervals,0.0355282079981407,0.001110256499941897
768,64,moment_quant_approx_intervals,0.0407677089970093,0.0006369954530782703
768,100,moment_quant_approx_intervals,0.0471735409992106,0.00047173540999210606
768,300,moment_quant_approx_intervals,0.0852067910018377,0.0002840226366727923
768,1000,moment_quant_approx_intervals,0.224952000000485,0.000224952000000485
768,3000,moment_quant_approx_intervals,0.7741638329971465,0.00025805461099904885
768,10000,moment_quant_approx_intervals,3.9478810420005175,0.0003947881042000518
1024,1,moment_quant_approx_intervals,0.0287586659978842,0.0287586659978842
1024,2,moment_quant_approx_intervals,0.029895250001573,0.0149476250007865
1024,3,moment_quant_approx_intervals,0.0304417079969425,0.010147235998980833
1024,4,moment_quant_approx_intervals,0.0305187500016472,0.0076296875004118
1024,8,moment_quant_approx_intervals,0.0313449589993979,0.003918119874924737
1024,10,moment_quant_approx_intervals,0.0317529999992984,0.00317529999992984
1024,16,moment_quant_approx_intervals,0.0331572920003964,0.002072330750024775
1024,30,moment_quant_approx_intervals,0.0363174580015766,0.0012105819333858867
1024,32,moment_quant_approx_intervals,0.0363890000007813,0.0011371562500244157
1024,64,moment_quant_approx_intervals,0.0452375409986416,0.000706836578103775
1024,100,moment_quant_approx_intervals,0.0503669999998237,0.000503669999998237
1024,300,moment_quant_approx_intervals,0.0969897499999206,0.000323299166666402
1024,1000,moment_quant_approx_intervals,0.2602533330027654,0.0002602533330027654
1024,3000,moment_quant_approx_intervals,0.9349932090008224,0.0003116644030002741
1024,10000,moment_quant_approx_intervals,4.570352624999941,0.00045703526249999413
1536,1,moment_quant_approx_intervals,0.0291619169984187,0.0291619169984187
1536,2,moment_quant_approx_intervals,0.0304306660000293,0.01521533300001465
1536,3,moment_quant_approx_intervals,0.0310547079971001,0.0103515693323667
1536,4,moment_quant_approx_intervals,0.0312840829974447,0.007821020749361175
1536,8,moment_quant_approx_intervals,0.0324209579994203,0.004052619749927537
1536,10,moment_quant_approx_intervals,0.0328626250011439,0.00328626250011439
1536,16,moment_quant_approx_intervals,0.0353916249987378,0.0022119765624211123
1536,30,moment_quant_approx_intervals,0.0396512919978704,0.0013217097332623468
1536,32,moment_quant_approx_intervals,0.041303665999294,0.0012907395624779374
1536,64,moment_quant_approx_intervals,0.049018875000911,0.0007659199218892343
1536,100,moment_quant_approx_intervals,0.0585092080000322,0.0005850920800003221
1536,300,moment_quant_approx_intervals,0.1269305829991935,0.000423101943330645
1536,1000,moment_quant_approx_intervals,0.4023237500005052,0.00040232375000050517
1536,3000,moment_quant_approx_intervals,1.442113083001459,0.0004807043610004863
1536,10000,moment_quant_approx_intervals,7.176684416997887,0.0007176684416997887
2048,1,moment_quant_approx_intervals,0.0294226670011994,0.0294226670011994
2048,2,moment_quant_approx_intervals,0.0307890410003892,0.0153945205001946
2048,3,moment_quant_approx_intervals,0.0313575000000128,0.010452500000004266
2048,4,moment_quant_approx_intervals,0.031869792001089,0.00796744800027225
2048,8,moment_quant_approx_intervals,0.0332795840004109,0.004159948000051363
2048,10,moment_quant_approx_intervals,0.0344320840013097,0.0034432084001309697
2048,16,moment_quant_approx_intervals,0.0367439170004217,0.002296494812526356
2048,30,moment_quant_approx_intervals,0.0416513749987643,0.0013883791666254766
2048,32,moment_quant_approx_intervals,0.0432769159997405,0.0013524036249918906
2048,64,moment_quant_approx_intervals,0.052474041996902,0.0008199069062015937
2048,100,moment_quant_approx_intervals,0.07205362500099,0.0007205362500099
2048,300,moment_quant_approx_intervals,0.1544117079974967,0.0005147056933249891
2048,1000,moment_quant_approx_intervals,0.5638190409990784,0.0005638190409990784
2048,3000,moment_quant_approx_intervals,1.8684592499994324,0.0006228197499998108
2048,10000,moment_quant_approx_intervals,8.836986583999533,0.0008836986583999533
4096,1,moment_quant_approx_intervals,0.0303427500002726,0.0303427500002726
4096,2,moment_quant_approx_intervals,0.0319950409975717,0.01599752049878585
4096,3,moment_quant_approx_intervals,0.0329909579995728,0.0109969859998576
4096,4,moment_quant_approx_intervals,0.0336317920009605,0.008407948000240126
4096,8,moment_quant_approx_intervals,0.0365049579995684,0.00456311974994605
4096,10,moment_quant_approx_intervals,0.0376835420029237,0.00376835420029237
4096,16,moment_quant_approx_intervals,0.0421572080012992,0.0026348255000812
4096,30,moment_quant_approx_intervals,0.0501779160003934,0.0016725972000131131
4096,32,moment_quant_approx_intervals,0.0542408330002217,0.0016950260312569281
4096,64,moment_quant_approx_intervals,0.0833192919999419,0.0013018639374990921
4096,100,moment_quant_approx_intervals,0.1088706660011666,0.001088706660011666
4096,300,moment_quant_approx_intervals,0.3026173750004091,0.0010087245833346969
4096,1000,moment_quant_approx_intervals,1.1695480000016687,0.0011695480000016687
4096,3000,moment_quant_approx_intervals,3.7506521250033984,0.0012502173750011329
4096,10000,moment_quant_approx_intervals,16.42003579199809,0.001642003579199809
8192,1,moment_quant_approx_intervals,0.0323931660022935,0.0323931660022935
8192,2,moment_quant_approx_intervals,0.0350300419995619,0.01751502099978095
8192,3,moment_quant_approx_intervals,0.0368827919992327,0.012294263999744233
8192,4,moment_quant_approx_intervals,0.0378170830008457,0.009454270750211425
8192,8,moment_quant_approx_intervals,0.0441184999981487,0.005514812499768588
8192,10,moment_quant_approx_intervals,0.0469208340000477,0.00469208340000477
8192,16,moment_quant_approx_intervals,0.0558389580000948,0.003489934875005925
8192,30,moment_quant_approx_intervals,0.0768942909999168,0.00256314303333056
8192,32,moment_quant_approx_intervals,0.0794964999986405,0.0024842656249575157
8192,64,moment_quant_approx_intervals,0.1368857919987931,0.0021388404999811424
8192,100,moment_quant_approx_intervals,0.1964922920014942,0.001964922920014942
8192,300,moment_quant_approx_intervals,0.6363682080009312,0.002121227360003104
8192,1000,moment_quant_approx_intervals,2.2091816659994947,0.002209181665999495
8192,3000,moment_quant_approx_intervals,7.935990957998001,0.002645330319332667
16,1,moment_quant_approx_samples,0.0041337920010846,0.0041337920010846
16,2,moment_quant_approx_samples,0.0041357919981237,0.00206789599906185
16,3,moment_quant_approx_samples,0.0041698330023791,0.0013899443341263667
16,4,moment_quant_approx_samples,0.0041897909977706,0.00104744774944265
16,8,moment_quant_approx_samples,0.0042003329981525,0.0005250416247690625
16,10,moment_quant_approx_samples,0.0042411249996803,0.00042411249996803
16,16,moment_quant_approx_samples,0.0042704999978013,0.0002669062498625812
16,30,moment_quant_approx_samples,0.004287291001674,0.0001429097000558
16,32,moment_quant_approx_samples,0.0043252919967926,0.00013516537489976875
16,64,moment_quant_approx_samples,0.0044082079984946,6.887824997647813e-05
16,100,moment_quant_approx_samples,0.0045058329997118,4.5058329997118e-05
16,300,moment_quant_approx_samples,0.0052245419974497,1.7415139991499e-05
16,1000,moment_quant_approx_samples,0.0077390830010699,7.7390830010699e-06
16,3000,moment_quant_approx_samples,0.0149972500003059,4.9990833334353e-06
16,10000,moment_quant_approx_samples,0.0455365829984657,4.55365829984657e-06
32,1,moment_quant_approx_samples,0.0082904580012836,0.0082904580012836
32,2,moment_quant_approx_samples,0.0084646670002257,0.00423233350011285
32,3,moment_quant_approx_samples,0.0085477499997068,0.0028492499999022668
32,4,moment_quant_approx_samples,0.0085956250004528,0.0021489062501132
32,8,moment_quant_approx_samples,0.0086169169990171,0.0010771146248771376
32,10,moment_quant_approx_samples,0.0086419580002257,0.00086419580002257
32,16,moment_quant_approx_samples,0.0087454580025223,0.0005465911251576437
32,30,moment_quant_approx_samples,0.008871124999132,0.00029570416663773333
32,32,moment_quant_approx_samples,0.0088220830002683,0.0002756900937583844
32,64,moment_quant_approx_samples,0.0091130830005567,0.00014239192188369843
32,100,moment_quant_approx_samples,0.0094220410028356,9.422041002835601e-05
32,300,moment_quant_approx_samples,0.0111958339984994,3.7319446661664665e-05
32,1000,moment_quant_approx_samples,0.0170467919997463,1.70467919997463e-05
32,3000,moment_quant_approx_samples,0.0363123749993974,1.2104124999799133e-05
32,10000,moment_quant_approx_samples,0.1093175419991894,1.093175419991894e-05
64,1,moment_quant_approx_samples,0.0170179590022598,0.0170179590022598
64,2,moment_quant_approx_samples,0.0175267919985344,0.0087633959992672
64,3,moment_quant_approx_samples,0.0175908749988593,0.005863624999619767
64,4,moment_quant_approx_samples,0.0175983749977604,0.0043995937494401
64,8,moment_quant_approx_samples,0.0176182499999413,0.0022022812499926624
64,10,moment_quant_approx_samples,0.0177530420005496,0.00177530420005496
64,16,moment_quant_approx_samples,0.0176864999993995,0.0011054062499624687
64,30,moment_quant_approx_samples,0.01801712499946,0.0006005708333153333
64,32,moment_quant_approx_samples,0.018035167002381,0.0005635989688244062
64,64,moment_quant_approx_samples,0.0183838330012804,0.0002872473906450063
64,100,moment_quant_approx_samples,0.0191922079975483,0.000191922079975483
64,300,moment_quant_approx_samples,0.0234118750013294,7.803958333776466e-05
64,1000,moment_quant_approx_samples,0.037141499997233,3.7141499997233e-05
64,3000,moment_quant_approx_samples,0.0738628750004863,2.4620958333495434e-05
64,10000,moment_quant_approx_samples,0.206405665998318,2.06405665998318e-05
128,1,moment_quant_approx_samples,0.0179124590031278,0.0179124590031278
128,2,moment_quant_approx_samples,0.0185547089968167,0.00927735449840835
128,3,moment_quant_approx_samples,0.0185272919989074,0.006175763999635799
128,4,moment_quant_approx_samples,0.0185898339987033,0.004647458499675825
128,8,moment_quant_approx_samples,0.0186700000012933,0.0023337500001616627
128,10,moment_quant_approx_samples,0.0187624159989354,0.00187624159989354
128,16,moment_quant_approx_samples,0.0189182499998423,0.0011823906249901438
128,30,moment_quant_approx_samples,0.0192250000000058,0.0006408333333335266
128,32,moment_quant_approx_samples,0.0192486250016372,0.0006015195313011625
128,64,moment_quant_approx_samples,0.0201157089977641,0.00031430795309006406
128,100,moment_quant_approx_samples,0.021106874999532,0.00021106874999532
128,300,moment_quant_approx_samples,0.0273407500026223,9.113583334207433e-05
128,1000,moment_quant_approx_samples,0.0452136669991887,4.52136669991887e-05
128,3000,moment_quant_approx_samples,0.1007272919996467,3.3575763999882235e-05
128,10000,moment_quant_approx_samples,0.3617227909999201,3.617227909999201e-05
192,1,moment_quant_approx_samples,0.013527958002669,0.013527958002669
192,2,moment_quant_approx_samples,0.0139952909994462,0.0069976454997231
192,3,moment_quant_approx_samples,0.0141633749990432,0.004721124999681066
192,4,moment_quant_approx_samples,0.0141818749980302,0.00354546874950755
192,8,moment_quant_approx_samples,0.014337249998789,0.001792156249848625
192,10,moment_quant_approx_samples,0.0144055829987337,0.00144055829987337
192,16,moment_quant_approx_samples,0.0145967909993487,0.0009122994374592937
192,30,moment_quant_approx_samples,0.0149814579999656,0.0004993819333321866
192,32,moment_quant_approx_samples,0.0150258329995267,0.0004695572812352094
192,64,moment_quant_approx_samples,0.0160029999969992,0.0002500468749531125
192,100,moment_quant_approx_samples,0.0175375420003547,0.000175375420003547
192,300,moment_quant_approx_samples,0.0255756250007834,8.525208333594466e-05
192,1000,moment_quant_approx_samples,0.0468236250017071,4.68236250017071e-05
192,3000,moment_quant_approx_samples,0.115418707999197,3.8472902666399e-05
192,10000,moment_quant_approx_samples,0.4304597080008534,4.3045970800085345e-05
256,1,moment_quant_approx_samples,0.0137349579999863,0.0137349579999863
256,2,moment_quant_approx_samples,0.0142862089996924,0.0071431044998462
256,3,moment_quant_approx_samples,0.0144324169996252,0.004810805666541734
256,4,moment_quant_approx_samples,0.0145103750000998,0.00362759375002495
256,8,moment_quant_approx_samples,0.0146742920005635,0.0018342865000704374
256,10,moment_quant_approx_samples,0.0147513749980134,0.0014751374998013401
256,16,moment_quant_approx_samples,0.0149872080000932,0.000936700500005825
256,30,moment_quant_approx_samples,0.0155296249977254,0.0005176541665908467
256,32,moment_quant_approx_samples,0.0155019170015293,0.0004844349062977906
256,64,moment_quant_approx_samples,0.017031291998137,0.00026611393747089063
256,100,moment_quant_approx_samples,0.0191090830012399,0.000191090830012399
256,300,moment_quant_approx_samples,0.0282024160005676,9.400805333522533e-05
256,1000,moment_quant_approx_samples,0.0571053749990824,5.71053749990824e-05
256,3000,moment_quant_approx_samples,0.1455363330023829,4.8512111000794296e-05
256,10000,moment_quant_approx_samples,0.5666602920027799,5.666602920027799e-05
384,1,moment_quant_approx_samples,0.0215102080001088,0.0215102080001088
384,2,moment_quant_approx_samples,0.0222660840008757,0.01113304200043785
384,3,moment_quant_approx_samples,0.0223940829964703,0.007464694332156767
384,4,moment_quant_approx_samples,0.0224438330005796,0.0056109582501449
384,8,moment_quant_approx_samples,0.022697665997839,0.002837208249729875
384,10,moment_quant_approx_samples,0.0228384160000132,0.0022838416000013203
384,16,moment_quant_approx_samples,0.0232020830007968,0.0014501301875498
384,30,moment_quant_approx_samples,0.0238454169993929,0.0007948472333130966
384,32,moment_quant_approx_samples,0.0238947910002025,0.0007467122187563281
384,64,moment_quant_approx_samples,0.0262794999980542,0.00041061718746959687
384,100,moment_quant_approx_samples,0.028668374998233,0.00028668374998233
384,300,moment_quant_approx_samples,0.0391077499989478,0.00013035916666315932
384,1000,moment_quant_approx_samples,0.0789730840006086,7.89730840006086e-05
384,3000,moment_quant_approx_samples,0.2020482910011196,6.734943033370653e-05
384,10000,moment_quant_approx_samples,0.8490223750013683,8.490223750013683e-05
512,1,moment_quant_approx_samples,0.0218710839981213,0.0218710839981213
512,2,moment_quant_approx_samples,0.0227559999984805,0.01137799999924025
512,3,moment_quant_approx_samples,0.0229414999994332,0.007647166666477734
512,4,moment_quant_approx_samples,0.0230677500003366,0.00576693750008415
512,8,moment_quant_approx_samples,0.0233911249997618,0.002923890624970225
512,10,moment_quant_approx_samples,0.0236463750006805,0.00236463750006805
512,16,moment_quant_approx_samples,0.0239936670004681,0.0014996041875292563
512,30,moment_quant_approx_samples,0.0248820839988184,0.0008294027999606133
512,32,moment_quant_approx_samples,0.025083958000323,0.0007838736875100937
512,64,moment_quant_approx_samples,0.0281039580004289,0.00043912434375670154
512,100,moment_quant_approx_samples,0.0308740830005262,0.000308740830005262
512,300,moment_quant_approx_samples,0.0466036670004541,0.00015534555666818034
512,1000,moment_quant_approx_samples,0.1002999580014147,0.0001002999580014147
512,3000,moment_quant_approx_samples,0.2696049170008336,8.986830566694454e-05
512,10000,moment_quant_approx_samples,1.1620528750027006,0.00011620528750027005
768,1,moment_quant_approx_samples,0.0250070839974796,0.0250070839974796
768,2,moment_quant_approx_samples,0.025998791999882,0.012999395999941
768,3,moment_quant_approx_samples,0.0262926670002343,0.008764222333411434
768,4,moment_quant_approx_samples,0.0264372919991728,0.0066093229997932
768,8,moment_quant_approx_samples,0.02692983399902,0.0033662292498775
768,10,moment_quant_approx_samples,0.0269591249998484,0.00269591249998484
768,16,moment_quant_approx_samples,0.0275914579979144,0.00172446612486965
768,30,moment_quant_approx_samples,0.0291371670027729,0.00097123890009243
768,32,moment_quant_approx_samples,0.0300256669979717,0.0009383020936866157
768,64,moment_quant_approx_samples,0.0340134580001176,0.0005314602812518374
768,100,moment_quant_approx_samples,0.0388909590001276,0.000388909590001276
768,300,moment_quant_approx_samples,0.0597447500003909,0.00019914916666796968
768,1000,moment_quant_approx_samples,0.133971625000413,0.000133971625000413
768,3000,moment_quant_approx_samples,0.3932155830007104,0.0001310718610002368
768,10000,moment_quant_approx_samples,1.6461190420013736,0.00016461190420013737
1024,1,moment_quant_approx_samples,0.0250267079973127,0.0250267079973127
1024,2,moment_quant_approx_samples,0.0262737499979266,0.0131368749989633
1024,3,moment_quant_approx_samples,0.0266108329997223,0.008870277666574099
1024,4,moment_quant_approx_samples,0.0266340420021151,0.006658510500528775
1024,8,moment_quant_approx_samples,0.0271595000012894,0.003394937500161175
1024,10,moment_quant_approx_samples,0.0274667499979841,0.00274667499979841
1024,16,moment_quant_approx_samples,0.0283260409996728,0.00177037756247955
1024,30,moment_quant_approx_samples,0.0301624999992782,0.0010054166666426066
1024,32,moment_quant_approx_samples,0.0307760840005357,0.0009617526250167406
1024,64,moment_quant_approx_samples,0.0355415830017591,0.000555337234402486
1024,100,moment_quant_approx_samples,0.0422780420012713,0.00042278042001271296
1024,300,moment_quant_approx_samples,0.0691660830016189,0.00023055361000539633
1024,1000,moment_quant_approx_samples,0.166126666998025,0.000166126666998025
1024,3000,moment_quant_approx_samples,0.4943842909997329,0.00016479476366657763
1024,10000,moment_quant_approx_samples,2.0843578339990927,0.00020843578339990927
1536,1,moment_quant_approx_samples,0.0255487079994054,0.0255487079994054
1536,2,moment_quant_approx_samples,0.0268201660001068,0.0134100830000534
1536,3,moment_quant_approx_samples,0.0271961670005111,0.009065389000170366
1536,4,moment_quant_approx_samples,0.0273649580012715,0.006841239500317875
1536,8,moment_quant_approx_samples,0.0280298329998913,0.0035037291249864124
1536,10,moment_quant_approx_samples,0.028390292001859,0.0028390292001859
1536,16,moment_quant_approx_samples,0.0297503750007308,0.001859398437545675
1536,30,moment_quant_approx_samples,0.0326999580029223,0.0010899986000974101
1536,32,moment_quant_approx_samples,0.0323247919986897,0.001010149749959053
1536,64,moment_quant_approx_samples,0.0412934170017251,0.0006452096406519547
1536,100,moment_quant_approx_samples,0.0443376250004803,0.00044337625000480304
1536,300,moment_quant_approx_samples,0.0865697919980448,0.000288565973326816
1536,1000,moment_quant_approx_samples,0.2232611250001355,0.0002232611250001355
1536,3000,moment_quant_approx_samples,0.7144546669987903,0.00023815155566626344
1536,10000,moment_quant_approx_samples,3.0649275000032503,0.00030649275000032503
2048,1,moment_quant_approx_samples,0.0257759170017379,0.0257759170017379
2048,2,moment_quant_approx_samples,0.0271853749982255,0.01359268749911275
2048,3,moment_quant_approx_samples,0.0276074579996929,0.009202485999897633
2048,4,moment_quant_approx_samples,0.0276732499987701,0.006918312499692525
2048,8,moment_quant_approx_samples,0.0286551669996697,0.0035818958749587126
2048,10,moment_quant_approx_samples,0.0293174160033231,0.00293174160033231
2048,16,moment_quant_approx_samples,0.0304814169976452,0.001905088562352825
2048,30,moment_quant_approx_samples,0.0337591250026889,0.0011253041667562966
2048,32,moment_quant_approx_samples,0.036334499996883,0.0011354531249025937
2048,64,moment_quant_approx_samples,0.0433117079992371,0.0006767454374880797
2048,100,moment_quant_approx_samples,0.058752666998771,0.00058752666998771
2048,300,moment_quant_approx_samples,0.1009782500004803,0.0003365941666682677
2048,1000,moment_quant_approx_samples,0.3019192499996279,0.00030191924999962787
2048,3000,moment_quant_approx_samples,0.9493572499995936,0.0003164524166665312
2048,10000,moment_quant_approx_samples,3.988180208998529,0.0003988180208998529
4096,1,moment_quant_approx_samples,0.0268972499980009,0.0268972499980009
4096,2,moment_quant_approx_samples,0.0286732080021465,0.01433660400107325
4096,3,moment_quant_approx_samples,0.0292430419976881,0.009747680665896033
4096,4,moment_quant_approx_samples,0.0295785000016621,0.007394625000415525
4096,8,moment_quant_approx_samples,0.0313623330002883,0.003920291625036038
4096,10,moment_quant_approx_samples,0.0324525409996567,0.00324525409996567
4096,16,moment_quant_approx_samples,0.0361796249999315,0.0022612265624957187
4096,30,moment_quant_approx_samples,0.0427672500009066,0.00142557500003022
4096,32,moment_quant_approx_samples,0.0441857500009064,0.001380804687528325
4096,64,moment_quant_approx_samples,0.0611650840000947,0.0009557044375014796
4096,100,moment_quant_approx_samples,0.0815269170016108,0.0008152691700161079
4096,300,moment_quant_approx_samples,0.1816300419995968,0.0006054334733319893
4096,1000,moment_quant_approx_samples,0.5758031670011405,0.0005758031670011405
4096,3000,moment_quant_approx_samples,1.9018212920018416,0.0006339404306672805
4096,10000,moment_quant_approx_samples,7.705779583000549,0.0007705779583000549
8192,1,moment_quant_approx_samples,0.0298549170001933,0.0298549170001933
8192,2,moment_quant_approx_samples,0.0325052919979498,0.0162526459989749
8192,3,moment_quant_approx_samples,0.0335781249996216,0.0111927083332072
8192,4,moment_quant_approx_samples,0.0339514169972972,0.0084878542493243
8192,8,moment_quant_approx_samples,0.0378054169996175,0.004725677124952188
8192,10,moment_quant_approx_samples,0.0423753329996543,0.00423753329996543
8192,16,moment_quant_approx_samples,0.046614375001809,0.0029133984376130623
8192,30,moment_quant_approx_samples,0.0632322080018639,0.0021077402667287965
8192,32,moment_quant_approx_samples,0.0660707089991774,0.0020647096562242937
8192,64,moment_quant_approx_samples,0.1076322090011672,0.0016817532656432375
8192,100,moment_quant_approx_samples,0.1563534170018101,0.001563534170018101
8192,300,moment_quant_approx_samples,0.3659641659978661,0.0012198805533262204
8192,1000,moment_quant_approx_samples,1.1787398750020657,0.0011787398750020656
8192,3000,moment_quant_approx_samples,3.977971208998497,0.001325990402999499
16,1,moment_quant_exact_intervals,0.0011044169987144,0.0011044169987144
16,2,moment_quant_exact_intervals,0.0011003330000676,0.0005501665000338
16,3,moment_quant_exact_intervals,0.0010987920031766,0.00036626400105886663
16,4,moment_quant_exact_intervals,0.0011021669997717,0.000275541749942925
16,8,moment_quant_exact_intervals,0.0011303339997539,0.0001412917499692375
16,10,moment_quant_exact_intervals,0.0011137500005133,0.00011137500005133
16,16,moment_quant_exact_intervals,0.0011440829985076,7.1505187406725e-05
16,30,moment_quant_exact_intervals,0.0011567499968805,3.8558333229349996e-05
16,32,moment_quant_exact_intervals,0.0011892080001416,3.7162750004425e-05
16,64,moment_quant_exact_intervals,0.0012332499973126,1.9269531208009375e-05
16,100,moment_quant_exact_intervals,0.0013306250002642,1.3306250002641999e-05
16,300,moment_quant_exact_intervals,0.0017805000024964,5.935000008321333e-06
16,1000,moment_quant_exact_intervals,0.0032527920011489,3.2527920011489e-06
16,3000,moment_quant_exact_intervals,0.0076511670013132,2.550389000437733e-06
16,10000,moment_quant_exact_intervals,0.0238424999988637,2.3842499998863698e-06
32,1,moment_quant_exact_intervals,0.0024227089998021,0.0024227089998021
32,2,moment_quant_exact_intervals,0.002441083001031,0.0012205415005155
32,3,moment_quant_exact_intervals,0.0024421250018349,0.0008140416672783
32,4,moment_quant_exact_intervals,0.0024660839990247,0.000616520999756175
32,8,moment_quant_exact_intervals,0.0024966670025605,0.0003120833753200625
32,10,moment_quant_exact_intervals,0.0024772500000835,0.00024772500000835
32,16,moment_quant_exact_intervals,0.002552417001425,0.0001595260625890625
32,30,moment_quant_exact_intervals,0.0026389589984319,8.796529994773e-05
32,32,moment_quant_exact_intervals,0.0026370420018793,8.240756255872813e-05
32,64,moment_quant_exact_intervals,0.0028122500007157,4.3941406261182815e-05
32,100,moment_quant_exact_intervals,0.0030078750023676,3.0078750023676e-05
32,300,moment_quant_exact_intervals,0.0041912080014299,1.3970693338099666e-05
32,1000,moment_quant_exact_intervals,0.0083325419982429,8.3325419982429e-06
32,3000,moment_quant_exact_intervals,0.0207229589977941,6.9076529992647006e-06
32,10000,moment_quant_exact_intervals,0.0680118330019468,6.80118330019468e-06
64,1,moment_quant_exact_intervals,0.0051192079990869,0.0051192079990869
64,2,moment_quant_exact_intervals,0.0051735839988396,0.0025867919994198
64,3,moment_quant_exact_intervals,0.0052362909991643,0.0017454303330547668
64,4,moment_quant_exact_intervals,0.0052347089986142,0.00130867724965355
64,8,moment_quant_exact_intervals,0.0052786660016863,0.0006598332502107875
64,10,moment_quant_exact_intervals,0.0053109580003365,0.00053109580003365
64,16,moment_quant_exact_intervals,0.0054380420006054,0.0003398776250378375
64,30,moment_quant_exact_intervals,0.0056591249995108,0.00018863749998369335
64,32,moment_quant_exact_intervals,0.0056832500013115,0.00017760156254098439
64,64,moment_quant_exact_intervals,0.0061654589990212,9.633529685970626e-05
64,100,moment_quant_exact_intervals,0.0067135829995095,6.7135829995095e-05
64,300,moment_quant_exact_intervals,0.0099512920023698,3.317097334123266e-05
64,1000,moment_quant_exact_intervals,0.0213088329983293,2.13088329983293e-05
64,3000,moment_quant_exact_intervals,0.0551868750007997,1.8395625000266567e-05
64,10000,moment_quant_exact_intervals,0.1926132080006937,1.926132080006937e-05
128,1,moment_quant_exact_intervals,0.0064184160000877,0.0064184160000877
128,2,moment_quant_exact_intervals,0.0064971249994414,0.0032485624997207
128,3,moment_quant_exact_intervals,0.0065503750010975,0.002183458333699167
128,4,moment_quant_exact_intervals,0.0065830829989863,0.001645770749746575
128,8,moment_quant_exact_intervals,0.0067828749997715,0.0008478593749714375
128,10,moment_quant_exact_intervals,0.0068765420001,0.00068765420001
128,16,moment_quant_exact_intervals,0.0070552500001213,0.0004409531250075813
128,30,moment_quant_exact_intervals,0.007545458000095,0.00025151526666983336
128,32,moment_quant_exact_intervals,0.0076922080006625,0.00024038150002070313
128,64,moment_quant_exact_intervals,0.0088302500007557,0.00013797265626180782
128,100,moment_quant_exact_intervals,0.0101311250000435,0.00010131125000043499
128,300,moment_quant_exact_intervals,0.0176815000013448,5.893833333781599e-05
128,1000,moment_quant_exact_intervals,0.044050624997908,4.4050624997908e-05
128,3000,moment_quant_exact_intervals,0.1283824579986685,4.279415266622283e-05
128,10000,moment_quant_exact_intervals,0.4642286669986788,4.6422866699867884e-05
192,1,moment_quant_exact_intervals,0.0075824590021511,0.0075824590021511
192,2,moment_quant_exact_intervals,0.0076435409973782,0.0038217704986891
192,3,moment_quant_exact_intervals,0.0077018750016577,0.0025672916672192336
192,4,moment_quant_exact_intervals,0.007784041998093,0.00194601049952325
192,8,moment_quant_exact_intervals,0.0081246250010735,0.0010155781251341876
192,10,moment_quant_exact_intervals,0.0082412080009817,0.00082412080009817
192,16,moment_quant_exact_intervals,0.0086115830017661,0.0005382239376103813
192,30,moment_quant_exact_intervals,0.0096627909988455,0.00032209303329485
192,32,moment_quant_exact_intervals,0.0097650409989,0.000305157531215625
192,64,moment_quant_exact_intervals,0.0118217920025927,0.00018471550004051093
192,100,moment_quant_exact_intervals,0.0143415839993394,0.000143415839993394
192,300,moment_quant_exact_intervals,0.0277927089991862,9.264236333062066e-05
192,1000,moment_quant_exact_intervals,0.0767076250012905,7.670762500129049e-05
192,3000,moment_quant_exact_intervals,0.2339499580011761,7.798331933372537e-05
192,10000,moment_quant_exact_intervals,0.9166223329993954,9.166223329993954e-05
256,1,moment_quant_exact_intervals,0.0075998330030415,0.0075998330030415
256,2,moment_quant_exact_intervals,0.0077974170017114,0.0038987085008557
256,3,moment_quant_exact_intervals,0.007938999999169,0.0026463333330563332
256,4,moment_quant_exact_intervals,0.0080411249982716,0.0020102812495679
256,8,moment_quant_exact_intervals,0.0083812920020136,0.0010476615002517
256,10,moment_quant_exact_intervals,0.0085167500001261,0.00085167500001261
256,16,moment_quant_exact_intervals,0.0091200419992674,0.0005700026249542125
256,30,moment_quant_exact_intervals,0.0103587909979978,0.00034529303326659335
256,32,moment_quant_exact_intervals,0.0105402500012132,0.0003293828125379125
256,64,moment_quant_exact_intervals,0.0135603340022498,0.00021188021878515312
256,100,moment_quant_exact_intervals,0.0166073340005823,0.00016607334000582298
256,300,moment_quant_exact_intervals,0.0345469160020002,0.00011515638667333401
256,1000,moment_quant_exact_intervals,0.1009024589984619,0.0001009024589984619
256,3000,moment_quant_exact_intervals,0.3116672500000277,0.00010388908333334257
256,10000,moment_quant_exact_intervals,1.1714932920003776,0.00011714932920003775
384,1,moment_quant_exact_intervals,0.0079747079980734,0.0079747079980734
384,2,moment_quant_exact_intervals,0.0082832079970103,0.00414160399850515
384,3,moment_quant_exact_intervals,0.0084613330000138,0.0028204443333379333
384,4,moment_quant_exact_intervals,0.0086340000016207,0.002158500000405175
384,8,moment_quant_exact_intervals,0.0092235829979472,0.0011529478747434
384,10,moment_quant_exact_intervals,0.0095614589990873,0.00095614589990873
384,16,moment_quant_exact_intervals,0.010499083000468,0.00065619268752925
384,30,moment_quant_exact_intervals,0.0127065000015136,0.00042355000005045337
384,32,moment_quant_exact_intervals,0.0131509580023703,0.00041096743757407185
384,64,moment_quant_exact_intervals,0.0184039589985332,0.00028756185935208123
384,100,moment_quant_exact_intervals,0.0236025000012887,0.000236025000012887
384,300,moment_quant_exact_intervals,0.0555884160021378,0.000185294720007126
384,1000,moment_quant_exact_intervals,0.1773420419995091,0.0001773420419995091
384,3000,moment_quant_exact_intervals,0.5822102919992176,0.00019407009733307253
384,10000,moment_quant_exact_intervals,2.145371916998556,0.0002145371916998556
512,1,moment_quant_exact_intervals,0.0081677910020516,0.0081677910020516
512,2,moment_quant_exact_intervals,0.008638332998089,0.0043191664990445
512,3,moment_quant_exact_intervals,0.0088698750005278,0.002956625000175933
512,4,moment_quant_exact_intervals,0.0090754579978238,0.00226886449945595
512,8,moment_quant_exact_intervals,0.0100059590004093,0.0012507448750511624
512,10,moment_quant_exact_intervals,0.0104277499995077,0.00104277499995077
512,16,moment_quant_exact_intervals,0.0118260839990398,0.0007391302499399875
512,30,moment_quant_exact_intervals,0.014828542000032,0.0004942847333344
512,32,moment_quant_exact_intervals,0.015361917001428,0.000480059906294625
512,64,moment_quant_exact_intervals,0.0221844159968895,0.00034663149995139845
512,100,moment_quant_exact_intervals,0.030950832999224,0.00030950832999224
512,300,moment_quant_exact_intervals,0.0762205839964735,0.0002540686133215783
512,1000,moment_quant_exact_intervals,0.241732583999692,0.00024173258399969198
512,3000,moment_quant_exact_intervals,0.7832439580015489,0.00026108131933384965
512,10000,moment_quant_exact_intervals,2.7967545829997107,0.00027967545829997106
768,1,moment_quant_exact_intervals,0.0083022079998045,0.0083022079998045
768,2,moment_quant_exact_intervals,0.00901416600027,0.004507083000135
768,3,moment_quant_exact_intervals,0.0095034580008359,0.0031678193336119667
768,4,moment_quant_exact_intervals,0.0098617500007094,0.00246543750017735
768,8,moment_quant_exact_intervals,0.011359165997419,0.001419895749677375
768,10,moment_quant_exact_intervals,0.0121182080001744,0.00121182080001744
768,16,moment_quant_exact_intervals,0.0144046249988605,0.0009002890624287813
768,30,moment_quant_exact_intervals,0.0197260829991137,0.0006575360999704567
768,32,moment_quant_exact_intervals,0.021309833999112,0.00066593231247225
768,64,moment_quant_exact_intervals,0.0324725419995957,0.0005073834687436828
768,100,moment_quant_exact_intervals,0.0466027920010674,0.000466027920010674
768,300,moment_quant_exact_intervals,0.1272228339985304,0.0004240761133284347
768,1000,moment_quant_exact_intervals,0.4234469999973953,0.00042344699999739534
768,3000,moment_quant_exact_intervals,1.3989216670015594,0.00046630722233385316
768,10000,moment_quant_exact_intervals,5.0098418749985285,0.0005009841874998529
1024,1,moment_quant_exact_intervals,0.0084921249981562,0.0084921249981562
1024,2,moment_quant_exact_intervals,0.0094933330001367,0.00474666650006835
1024,3,moment_quant_exact_intervals,0.01004599999942,0.0033486666664733333
1024,4,moment_quant_exact_intervals,0.0106300419975013,0.002657510499375325
1024,8,moment_quant_exact_intervals,0.0127201249997597,0.0015900156249699625
1024,10,moment_quant_exact_intervals,0.0138445409975247,0.00138445409975247
1024,16,moment_quant_exact_intervals,0.0170177090003562,0.0010636068125222625
1024,30,moment_quant_exact_intervals,0.0250912089977646,0.00083637363325882
1024,32,moment_quant_exact_intervals,0.0258748329979425,0.0008085885311857031
1024,64,moment_quant_exact_intervals,0.0428341669976362,0.0006692838593380657
1024,100,moment_quant_exact_intervals,0.0629439589974936,0.000629439589974936
1024,300,moment_quant_exact_intervals,0.1763790420009172,0.0005879301400030573
1024,1000,moment_quant_exact_intervals,0.5824133339992841,0.0005824133339992841
1024,3000,moment_quant_exact_intervals,1.9247742920015296,0.0006415914306671766
1024,10000,moment_quant_exact_intervals,6.737228082998627,0.0006737228082998627
1536,1,moment_quant_exact_intervals,0.0088657090018386,0.0088657090018386
1536,2,moment_quant_exact_intervals,0.0103180409969354,0.0051590204984677
1536,3,moment_quant_exact_intervals,0.0113510829978622,0.0037836943326207332
1536,4,moment_quant_exact_intervals,0.0121003339991148,0.0030250834997787
1536,8,moment_quant_exact_intervals,0.0157335830008378,0.001966697875104725
1536,10,moment_quant_exact_intervals,0.0172577500015904,0.00172577500015904
1536,16,moment_quant_exact_intervals,0.0231165000004693,0.0014447812500293312
1536,30,moment_quant_exact_intervals,0.0358479579990671,0.0011949319333022367
1536,32,moment_quant_exact_intervals,0.0373182500006805,0.0011661953125212657
1536,64,moment_quant_exact_intervals,0.064978542002791,0.0010152897187936094
1536,100,moment_quant_exact_intervals,0.0968105830033891,0.000968105830033891
1536,300,moment_quant_exact_intervals,0.2883229160033806,0.0009610763866779354
1536,1000,moment_quant_exact_intervals,1.010227582999505,0.001010227582999505
1536,3000,moment_quant_exact_intervals,3.2067692919990805,0.0010689230973330269
1536,10000,moment_quant_exact_intervals,11.071145750000142,0.0011071145750000142
2048,1,moment_quant_exact_intervals,0.0092802079998364,0.0092802079998364
2048,2,moment_quant_exact_intervals,0.0112617919985495,0.00563089599927475
2048,3,moment_quant_exact_intervals,0.0124877910020586,0.0041625970006862
2048,4,moment_quant_exact_intervals,0.0136686659971019,0.003417166499275475
2048,8,moment_quant_exact_intervals,0.0188196250019245,0.0023524531252405623
2048,10,moment_quant_exact_intervals,0.0213902499999676,0.0021390249999967597
2048,16,moment_quant_exact_intervals,0.0288108339991595,0.0018006771249474687
2048,30,moment_quant_exact_intervals,0.0468395839998265,0.0015613194666608834
2048,32,moment_quant_exact_intervals,0.0491458750002493,0.0015358085937577906
2048,64,moment_quant_exact_intervals,0.087190082998859,0.0013623450468571718
2048,100,moment_quant_exact_intervals,0.1393404999980703,0.001393404999980703
2048,300,moment_quant_exact_intervals,0.4055437500028347,0.001351812500009449
2048,1000,moment_quant_exact_intervals,1.4445602080013489,0.001444560208001349
2048,3000,moment_quant_exact_intervals,4.439754499999253,0.0014799181666664179
2048,10000,moment_quant_exact_intervals,15.443442749998212,0.001544344274999821
4096,1,moment_quant_exact_intervals,0.0108924999985902,0.0108924999985902
4096,2,moment_quant_exact_intervals,0.0148090000002412,0.0074045000001206
4096,3,moment_quant_exact_intervals,0.017580125000677,0.005860041666892333
4096,4,moment_quant_exact_intervals,0.0205069160001585,0.005126729000039625
4096,8,moment_quant_exact_intervals,0.0313402079991647,0.003917525999895587
4096,10,moment_quant_exact_intervals,0.0367792499964707,0.00367792499964707
4096,16,moment_quant_exact_intervals,0.0538025829991966,0.0033626614374497876
4096,30,moment_quant_exact_intervals,0.0918965000018943,0.00306321666672981
4096,32,moment_quant_exact_intervals,0.0992490839998936,0.003101533874996675
4096,64,moment_quant_exact_intervals,0.1907073330003186,0.0029798020781299783
4096,100,moment_quant_exact_intervals,0.2952913330009323,0.002952913330009323
4096,300,moment_quant_exact_intervals,0.9292257499982952,0.003097419166660984
4096,1000,moment_quant_exact_intervals,3.189414249998663,0.003189414249998663
4096,3000,moment_quant_exact_intervals,9.849751457997629,0.0032832504859992093
4096,10000,moment_quant_exact_intervals,33.833697916001256,0.0033833697916001255
8192,1,moment_quant_exact_intervals,0.0145715830003609,0.0145715830003609
8192,2,moment_quant_exact_intervals,0.0233592500007944,0.0116796250003972
8192,3,moment_quant_exact_intervals,0.0288808329969469,0.009626944332315633
8192,4,moment_quant_exact_intervals,0.0352118329974473,0.008802958249361824
8192,8,moment_quant_exact_intervals,0.0588200839993078,0.007352510499913475
8192,10,moment_quant_exact_intervals,0.0731161250005243,0.00731161250005243
8192,16,moment_quant_exact_intervals,0.1098852499999338,0.006867828124995863
8192,30,moment_quant_exact_intervals,0.1966950829992129,0.00655650276664043
8192,32,moment_quant_exact_intervals,0.2135985829991113,0.006674955718722228
8192,64,moment_quant_exact_intervals,0.4173252920008963,0.006520707687514005
8192,100,moment_quant_exact_intervals,0.6625755419991037,0.006625755419991037
8192,300,moment_quant_exact_intervals,2.0433557910000673,0.006811185970000224
8192,1000,moment_quant_exact_intervals,6.947443375000148,0.006947443375000148
8192,3000,moment_quant_exact_intervals,21.30282016700221,0.007100940055667403
16,1,moment_quant_exact_samples,0.0006544590032717,0.0006544590032717
16,2,moment_quant_exact_samples,0.0006454169997596,0.0003227084998798
16,3,moment_quant_exact_samples,0.0006549159988935,0.00021830533296449998
16,4,moment_quant_exact_samples,0.0006925830020918,0.00017314575052295
16,8,moment_quant_exact_samples,0.0007510420000471,9.38802500058875e-05
16,10,moment_quant_exact_samples,0.0007873329996073,7.873329996073e-05
16,16,moment_quant_exact_samples,0.0008271250007965,5.169531254978125e-05
16,30,moment_quant_exact_samples,0.0009393750005983,3.131250001994333e-05
16,32,moment_quant_exact_samples,0.000952040998527,2.975128120396875e-05
16,64,moment_quant_exact_samples,0.0011421249982959,1.7845703098373437e-05
16,100,moment_quant_exact_samples,0.0014504579994536,1.4504579994536e-05
16,300,moment_quant_exact_samples,0.0026522500011196,8.840833337065334e-06
16,1000,moment_quant_exact_samples,0.007367250000243,7.367250000243e-06
16,3000,moment_quant_exact_samples,0.0204765840026084,6.825528000869466e-06
16,10000,moment_quant_exact_samples,0.0673796670016599,6.73796670016599e-06
32,1,moment_quant_exact_samples,0.0006521670002257,0.0006521670002257
32,2,moment_quant_exact_samples,0.0007038340008875,0.00035191700044375
32,3,moment_quant_exact_samples,0.0007290419998753,0.00024301399995843334
32,4,moment_quant_exact_samples,0.0007623750025231,0.000190593750630775
32,8,moment_quant_exact_samples,0.0008427499997196,0.00010534374996495
32,10,moment_quant_exact_samples,0.0008817499983706,8.817499983706e-05
32,16,moment_quant_exact_samples,0.0009898329990392,6.186456243995e-05
32,30,moment_quant_exact_samples,0.0012592909988597,4.1976366628656666e-05
32,32,moment_quant_exact_samples,0.0012649999989662,3.953124996769375e-05
32,64,moment_quant_exact_samples,0.001727832997858,2.699739059153125e-05
32,100,moment_quant_exact_samples,0.0022900000003573,2.2900000003573e-05
32,300,moment_quant_exact_samples,0.0052662079979199,1.7554026659733e-05
32,1000,moment_quant_exact_samples,0.0163596250022237,1.63596250022237e-05
32,3000,moment_quant_exact_samples,0.0467074159969342,1.556913866564473e-05
32,10000,moment_quant_exact_samples,0.1546930000004067,1.546930000004067e-05
64,1,moment_quant_exact_samples,0.0007472500001313,0.0007472500001313
64,2,moment_quant_exact_samples,0.0007809999988239,0.00039049999941195
64,3,moment_quant_exact_samples,0.0008184590005839,0.0002728196668613
64,4,moment_quant_exact_samples,0.0008720000005268,0.0002180000001317
64,8,moment_quant_exact_samples,0.0009694170003058,0.000121177125038225
64,10,moment_quant_exact_samples,0.0010911669996858,0.00010911669996858001
64,16,moment_quant_exact_samples,0.0012394999976095,7.746874985059375e-05
64,30,moment_quant_exact_samples,0.0017263330009882,5.754443336627333e-05
64,32,moment_quant_exact_samples,0.0018877500006055,5.899218751892187e-05
64,64,moment_quant_exact_samples,0.0029308750017662,4.5794921902596874e-05
64,100,moment_quant_exact_samples,0.0041956669992941,4.1956669992941006e-05
64,300,moment_quant_exact_samples,0.0116627089992107,3.887569666403567e-05
64,1000,moment_quant_exact_samples,0.0353766250009357,3.53766250009357e-05
64,3000,moment_quant_exact_samples,0.1047647499981394,3.4921583332713134e-05
64,10000,moment_quant_exact_samples,0.3237806249999266,3.237806249999266e-05
128,1,moment_quant_exact_samples,0.0008584999995946,0.0008584999995946
128,2,moment_quant_exact_samples,0.0008656660029373,0.00043283300146865
128,3,moment_quant_exact_samples,0.0008769579981162,0.0002923193327054
128,4,moment_quant_exact_samples,0.0009461669978918,0.00023654174947295
128,8,moment_quant_exact_samples,0.0011070420005125,0.0001383802500640625
128,10,moment_quant_exact_samples,0.0012496250019466,0.00012496250019466
128,16,moment_quant_exact_samples,0.001467665999371,9.17291249606875e-05
128,30,moment_quant_exact_samples,0.0022164580004755,7.388193334918333e-05
128,32,moment_quant_exact_samples,0.0022850000023026,7.140625007195625e-05
128,64,moment_quant_exact_samples,0.0040169160020013,6.276431253127031e-05
128,100,moment_quant_exact_samples,0.0055608750008104,5.5608750008104e-05
128,300,moment_quant_exact_samples,0.016088459000457,5.3628196668189996e-05
128,1000,moment_quant_exact_samples,0.0513832500000717,5.1383250000071696e-05
128,3000,moment_quant_exact_samples,0.1414782080028089,4.715940266760296e-05
128,10000,moment_quant_exact_samples,0.4634667079990322,4.634667079990322e-05
192,1,moment_quant_exact_samples,0.0009208749979734,0.0009208749979734
192,2,moment_quant_exact_samples,0.0008457920012006,0.0004228960006003
192,3,moment_quant_exact_samples,0.001005541998893,0.00033518066629766664
192,4,moment_quant_exact_samples,0.0009518329970887,0.000237958249272175
192,8,moment_quant_exact_samples,0.0012279169968678,0.000153489624608475
192,10,moment_quant_exact_samples,0.0013421250005194,0.00013421250005194
192,16,moment_quant_exact_samples,0.0017732089982018,0.0001108255623876125
192,30,moment_quant_exact_samples,0.0026167500000155,8.722500000051667e-05
192,32,moment_quant_exact_samples,0.0028052080015186,8.766275004745625e-05
192,64,moment_quant_exact_samples,0.0046669590010424,7.29212343912875e-05
192,100,moment_quant_exact_samples,0.006816750003054,6.816750003053999e-05
192,300,moment_quant_exact_samples,0.0193961250006395,6.465375000213167e-05
192,1000,moment_quant_exact_samples,0.062272084000142,6.227208400014201e-05
192,3000,moment_quant_exact_samples,0.1790647919988259,5.9688263999608634e-05
192,10000,moment_quant_exact_samples,0.5806221659986477,5.806221659986477e-05
256,1,moment_quant_exact_samples,0.0009891250010696,0.0009891250010696
256,2,moment_quant_exact_samples,0.0009630829990783,0.00048154149953915
256,3,moment_quant_exact_samples,0.000991167002212,0.0003303890007373333
256,4,moment_quant_exact_samples,0.001083249997464,0.000270812499366
256,8,moment_quant_exact_samples,0.0012875419997726,0.000160942749971575
256,10,moment_quant_exact_samples,0.0013547079979616,0.00013547079979616
256,16,moment_quant_exact_samples,0.0019120409997412,0.000119502562483825
256,30,moment_quant_exact_samples,0.0030728340025234,0.00010242780008411333
256,32,moment_quant_exact_samples,0.0030760420013393,9.612631254185312e-05
256,64,moment_quant_exact_samples,0.005269708999549,8.233920311795312e-05
256,100,moment_quant_exact_samples,0.008962750001956,8.962750001955999e-05
256,300,moment_quant_exact_samples,0.0244916670017119,8.163889000570633e-05
256,1000,moment_quant_exact_samples,0.0761816249978437,7.61816249978437e-05
256,3000,moment_quant_exact_samples,0.2170490409989725,7.234968033299082e-05
256,10000,moment_quant_exact_samples,0.7204381660012587,7.204381660012586e-05
384,1,moment_quant_exact_samples,0.0010598750013741,0.0010598750013741
384,2,moment_quant_exact_samples,0.0011285000000498,0.0005642500000249
384,3,moment_quant_exact_samples,0.0011506249975354,0.00038354166584513336
384,4,moment_quant_exact_samples,0.0011847919995489,0.000296197999887225
384,8,moment_quant_exact_samples,0.001510624999355,0.000188828124919375
384,10,moment_quant_exact_samples,0.0016846250000526,0.00016846250000526
384,16,moment_quant_exact_samples,0.0027121669991174,0.0001695104374448375
384,30,moment_quant_exact_samples,0.0038347500012605,0.00012782500004201666
384,32,moment_quant_exact_samples,0.0039072079998732,0.0001221002499960375
384,64,moment_quant_exact_samples,0.007138582997868,0.0001115403593416875
384,100,moment_quant_exact_samples,0.0115487910006777,0.000115487910006777
384,300,moment_quant_exact_samples,0.0319743330001074,0.000106581110000358
384,1000,moment_quant_exact_samples,0.0997437499972875,9.97437499972875e-05
384,3000,moment_quant_exact_samples,0.2912999580003088,9.709998600010292e-05
384,10000,moment_quant_exact_samples,0.9715507079999952,9.715507079999952e-05
512,1,moment_quant_exact_samples,0.0011980000017501,0.0011980000017501
512,2,moment_quant_exact_samples,0.0012399170009302,0.0006199585004651
512,3,moment_quant_exact_samples,0.0013325420004548,0.00044418066681826664
512,4,moment_quant_exact_samples,0.0013873329990019,0.000346833249750475
512,8,moment_quant_exact_samples,0.00185324999984,0.00023165624998
512,10,moment_quant_exact_samples,0.0020428749994607,0.00020428749994607
512,16,moment_quant_exact_samples,0.002816416999849,0.0001760260624905625
512,30,moment_quant_exact_samples,0.0048422079998999,0.00016140693332999668
512,32,moment_quant_exact_samples,0.005219541999395,0.00016311068748109376
512,64,moment_quant_exact_samples,0.0102727080011391,0.00016051106251779843
512,100,moment_quant_exact_samples,0.0145646249984565,0.00014564624998456498
512,300,moment_quant_exact_samples,0.041320333002659,0.00013773444334219667
512,1000,moment_quant_exact_samples,0.1257748339994577,0.0001257748339994577
512,3000,moment_quant_exact_samples,0.3610404579994792,0.00012034681933315974
512,10000,moment_quant_exact_samples,1.2183416250009032,0.00012183416250009031
768,1,moment_quant_exact_samples,0.0014973750003264,0.0014973750003264
768,2,moment_quant_exact_samples,0.0016060419984569,0.00080302099922845
768,3,moment_quant_exact_samples,0.0016321249968314,0.0005440416656104667
768,4,moment_quant_exact_samples,0.0016539170028408,0.0004134792507102
768,8,moment_quant_exact_samples,0.0022145830007502,0.000276822875093775
768,10,moment_quant_exact_samples,0.0028424590018403,0.00028424590018403
768,16,moment_quant_exact_samples,0.0037569160012935,0.00023480725008084375
768,30,moment_quant_exact_samples,0.0068877920020895,0.00022959306673631666
768,32,moment_quant_exact_samples,0.0072224589966936,0.000225701843646675
768,64,moment_quant_exact_samples,0.0126752920004946,0.00019805143750772813
768,100,moment_quant_exact_samples,0.0216875840014836,0.000216875840014836
768,300,moment_quant_exact_samples,0.0599299169989535,0.00019976638999651169
768,1000,moment_quant_exact_samples,0.1807731660010176,0.00018077316600101758
768,3000,moment_quant_exact_samples,0.5361269589993753,0.00017870898633312512
768,10000,moment_quant_exact_samples,1.798873250001634,0.0001798873250001634
1024,1,moment_quant_exact_samples,0.0018248340020363,0.0018248340020363
1024,2,moment_quant_exact_samples,0.0018787080007314,0.0009393540003657
1024,3,moment_quant_exact_samples,0.0020311250009399,0.0006770416669799667
1024,4,moment_quant_exact_samples,0.0020336660018074,0.00050841650045185
1024,8,moment_quant_exact_samples,0.0028160419969935,0.0003520052496241875
1024,10,moment_quant_exact_samples,0.0034142500007874,0.00034142500007874
1024,16,moment_quant_exact_samples,0.0055767089979781,0.00034854431237363125
1024,30,moment_quant_exact_samples,0.008922832999815,0.0002974277666605
1024,32,moment_quant_exact_samples,0.009564500000124,0.000298890625003875
1024,64,moment_quant_exact_samples,0.0172279170001274,0.00026918620312699063
1024,100,moment_quant_exact_samples,0.0276818750025995,0.000276818750025995
1024,300,moment_quant_exact_samples,0.0767415829977835,0.00025580527665927834
1024,1000,moment_quant_exact_samples,0.2388489160002791,0.0002388489160002791
1024,3000,moment_quant_exact_samples,0.7008709590008948,0.00023362365300029828
1024,10000,moment_quant_exact_samples,2.3618926250019285,0.00023618926250019285
1536,1,moment_quant_exact_samples,0.0024755839986028,0.0024755839986028
1536,2,moment_quant_exact_samples,0.002580709002359,0.0012903545011795
1536,3,moment_quant_exact_samples,0.002790124999592,0.0009300416665306666
1536,4,moment_quant_exact_samples,0.0028410000013536,0.0007102500003384
1536,8,moment_quant_exact_samples,0.0040019169973675,0.0005002396246709375
1536,10,moment_quant_exact_samples,0.0049300830032734,0.00049300830032734
1536,16,moment_quant_exact_samples,0.0069742500018037,0.00043589062511273125
1536,30,moment_quant_exact_samples,0.0137196659998153,0.00045732219999384334
1536,32,moment_quant_exact_samples,0.0134415840002475,0.00042004950000773436
1536,64,moment_quant_exact_samples,0.0256703749982989,0.00040109960934842033
1536,100,moment_quant_exact_samples,0.0405314999989059,0.000405314999989059
1536,300,moment_quant_exact_samples,0.1108930410009634,0.00036964347000321133
1536,1000,moment_quant_exact_samples,0.3590387500007637,0.0003590387500007637
1536,3000,moment_quant_exact_samples,1.0688624169997638,0.0003562874723332546
1536,10000,moment_quant_exact_samples,3.608230041998467,0.0003608230041998467
2048,1,moment_quant_exact_samples,0.0032821659988258,0.0032821659988258
2048,2,moment_quant_exact_samples,0.0033780829980969,0.00168904149904845
2048,3,moment_quant_exact_samples,0.0035294590015837,0.0011764863338612334
2048,4,moment_quant_exact_samples,0.0035748329974012,0.0008937082493503
2048,8,moment_quant_exact_samples,0.0056704170019656,0.0007088021252457
2048,10,moment_quant_exact_samples,0.0069310409999161,0.00069310409999161
2048,16,moment_quant_exact_samples,0.008979125002952,0.0005611953126845
2048,30,moment_quant_exact_samples,0.0172000829988974,0.0005733360999632467
2048,32,moment_quant_exact_samples,0.0174071670007833,0.0005439739687744782
2048,64,moment_quant_exact_samples,0.0347314169994206,0.0005426783906159469
2048,100,moment_quant_exact_samples,0.0553177920010057,0.000553177920010057
2048,300,moment_quant_exact_samples,0.1521785000004456,0.0005072616666681521
2048,1000,moment_quant_exact_samples,0.4831104170007165,0.0004831104170007165
2048,3000,moment_quant_exact_samples,1.4558908330000122,0.0004852969443333374
2048,10000,moment_quant_exact_samples,4.8771589579992,0.00048771589579992
4096,1,moment_quant_exact_samples,0.0063576249995094,0.0063576249995094
4096,2,moment_quant_exact_samples,0.0065288330006296,0.0032644165003148
4096,3,moment_quant_exact_samples,0.0074770409992197,0.0024923469997399
4096,4,moment_quant_exact_samples,0.0068902919992979,0.001722572999824475
4096,8,moment_quant_exact_samples,0.0098126249977212,0.00122657812471515
4096,10,moment_quant_exact_samples,0.013784000002488,0.0013784000002488
4096,16,moment_quant_exact_samples,0.0192242080011055,0.0012015130000690938
4096,30,moment_quant_exact_samples,0.0367012919996341,0.0012233763999878035
4096,32,moment_quant_exact_samples,0.0380985410010907,0.0011905794062840843
4096,64,moment_quant_exact_samples,0.0703697079989069,0.0010995266874829204
4096,100,moment_quant_exact_samples,0.110149125001044,0.0011014912500104399
4096,300,moment_quant_exact_samples,0.3092199579987209,0.0010307331933290696
4096,1000,moment_quant_exact_samples,1.0441352909983834,0.0010441352909983834
4096,3000,moment_quant_exact_samples,3.13258504100304,0.00104419501366768
4096,10000,moment_quant_exact_samples,10.56486437499916,0.001056486437499916
8192,1,moment_quant_exact_samples,0.0140877090016147,0.0140877090016147
8192,2,moment_quant_exact_samples,0.0151549170004727,0.00757745850023635
8192,3,moment_quant_exact_samples,0.016844416000822,0.005614805333607333
8192,4,moment_quant_exact_samples,0.0162386660012998,0.00405966650032495
8192,8,moment_quant_exact_samples,0.0213427920025424,0.0026678490003178
8192,10,moment_quant_exact_samples,0.0322972909998497,0.00322972909998497
8192,16,moment_quant_exact_samples,0.041802584000834,0.002612661500052125
8192,30,moment_quant_exact_samples,0.075208541999018,0.0025069513999672667
8192,32,moment_quant_exact_samples,0.0779822080003214,0.002436944000010044
8192,64,moment_quant_exact_samples,0.150748541997018,0.0023554459687034064
8192,100,moment_quant_exact_samples,0.2325899169991316,0.002325899169991316
8192,300,moment_quant_exact_samples,0.681376625001576,0.0022712554166719203
8192,1000,moment_quant_exact_samples,2.282117292001203,0.0022821172920012033
8192,3000,moment_quant_exact_samples,6.975390166997386,0.0023251300556657952
