Series length,Number of samples,Estimator,Runtime_single,Runtime_multi,Speedup
16,1,moment_quant_approx_intervals,0.0045337909999716,0.0045019579993095,1.0070709235108328
16,3,moment_quant_approx_intervals,0.0046537499999885,0.0046140409976942,1.0086061225537755
16,10,moment_quant_approx_intervals,0.0047088750000057,0.0045922499994048,1.0253960478231838
16,30,moment_quant_approx_intervals,0.0048496669999167,0.0047524590008833,1.0204542530541205
16,100,moment_quant_approx_intervals,0.0053820409999616,0.0052997909988334,1.0155194801354062
16,300,moment_quant_approx_intervals,0.0070038329999988,0.0069811250032216,1.003252770401149
16,1000,moment_quant_approx_intervals,0.0132627920000913,0.0130437080006231,1.0167961441223412
16,3000,moment_quant_approx_intervals,0.03067154200005,0.0307088749977992,0.9987842928875813
16,10000,moment_quant_approx_intervals,0.1025329579999834,0.104131584001152,0.9846480199403198
32,1,moment_quant_approx_intervals,0.010063291999927,0.0099142090002715,1.0150373065215206
32,3,moment_quant_approx_intervals,0.0102978339999708,0.0102312079980038,1.0065120366998697
32,10,moment_quant_approx_intervals,0.0104403330000195,0.0103293339998344,1.0107459977755466
32,30,moment_quant_approx_intervals,0.0107706250000774,0.0106575840000004,1.0106066252986603
32,100,moment_quant_approx_intervals,0.0122002909999991,0.0120379169966327,1.0134885465161307
32,300,moment_quant_approx_intervals,0.0166814169999724,0.0164304589998209,1.0152739494468312
32,1000,moment_quant_approx_intervals,0.0308962090000477,0.0305535410006996,1.0112153285061216
32,3000,moment_quant_approx_intervals,0.0733734169999706,0.0729578749997017,1.0056956428661141
32,10000,moment_quant_approx_intervals,0.2524169170001187,0.2443987920014478,1.0328075475865013
64,1,moment_quant_approx_intervals,0.0207199169999512,0.0205602919995726,1.0077637516228815
64,3,moment_quant_approx_intervals,0.0212491669999508,0.0210513750025711,1.0093956806790787
64,10,moment_quant_approx_intervals,0.0215206670000043,0.021317041999282,1.0095522165190254
64,30,moment_quant_approx_intervals,0.0221883750000415,0.0220403749990509,1.006714949314473
64,100,moment_quant_approx_intervals,0.0257992920001015,0.0247645410017867,1.0417835726589944
64,300,moment_quant_approx_intervals,0.0354844589999174,0.0339285000009113,1.0458599407272444
64,1000,moment_quant_approx_intervals,0.0665173329998651,0.0654101660002197,1.0169265278984567
64,3000,moment_quant_approx_intervals,0.1571062919999803,0.154474625000148,1.0170362413880583
64,10000,moment_quant_approx_intervals,0.5363684169999487,0.5458338749995164,0.9826587201104438
128,1,moment_quant_approx_intervals,0.0219529580003836,0.021788000001834,1.0075710482162528
128,3,moment_quant_approx_intervals,0.0226693750000777,0.0223957909984164,1.0122158668868022
128,10,moment_quant_approx_intervals,0.0230207079998763,0.0228005410026526,1.009656218122109
128,30,moment_quant_approx_intervals,0.023959625000316,0.0236842499980411,1.0116269251632488
128,100,moment_quant_approx_intervals,0.0292654170002606,0.0288736250004149,1.0135692002594086
128,300,moment_quant_approx_intervals,0.041617374999987,0.0405700410010467,1.0258154533024328
128,1000,moment_quant_approx_intervals,0.084083875000033,0.0827299169977777,1.0163660021838494
128,3000,moment_quant_approx_intervals,0.2035760420003498,0.2038737500006391,0.9985397433446515
128,10000,moment_quant_approx_intervals,0.8813796659997024,0.8637572080006066,1.0204020966029188
192,1,moment_quant_approx_intervals,0.0175793329999578,0.0173858750022191,1.0111273086752326
192,3,moment_quant_approx_intervals,0.0182438750002802,0.0179689159995177,1.0153019247666293
192,10,moment_quant_approx_intervals,0.0186372500002107,0.0183711669997137,1.0144837287963877
192,30,moment_quant_approx_intervals,0.0197764999998071,0.0195592920026683,1.0111051052926237
192,100,moment_quant_approx_intervals,0.0258135829999446,0.0237760830023034,1.0856953602258121
192,300,moment_quant_approx_intervals,0.039770542000042,0.0383436669981165,1.037212794540376
192,1000,moment_quant_approx_intervals,0.0887465000000702,0.0884487920011452,1.0033658797614913
192,3000,moment_quant_approx_intervals,0.242456540999683,0.2450700409972341,0.9893357017980807
192,10000,moment_quant_approx_intervals,1.268466250000074,1.1962113749978016,1.0604030997468197
256,1,moment_quant_approx_intervals,0.0177298339999651,0.0175591659972269,1.009719596179292
256,3,moment_quant_approx_intervals,0.0184178749996135,0.0182475000001431,1.0093368954360358
256,10,moment_quant_approx_intervals,0.0189760840003145,0.0187733749990002,1.0107976856225955
256,30,moment_quant_approx_intervals,0.0202976250002393,0.0201147090010636,1.0090936438188607
256,100,moment_quant_approx_intervals,0.0261407500001951,0.0249857079979847,1.0462281077767963
256,300,moment_quant_approx_intervals,0.0424410000000534,0.0423462919970916,1.0022365123012025
256,1000,moment_quant_approx_intervals,0.1027149999999892,0.1044660829975328,0.9832377844818309
256,3000,moment_quant_approx_intervals,0.2680935000003046,0.2726924999988114,0.9831348496987381
256,10000,moment_quant_approx_intervals,1.419403957999748,1.4089707080020162,1.0074048735992012
384,1,moment_quant_approx_intervals,0.0252606250001008,0.0252704170015931,0.9996125112818011
384,3,moment_quant_approx_intervals,0.026231832999656,0.0261296669996227,1.0039099618083451
384,10,moment_quant_approx_intervals,0.0269760840001254,0.0267939590012247,1.0067972410830508
384,30,moment_quant_approx_intervals,0.0289752919998136,0.0284699160001764,1.017751229038894
384,100,moment_quant_approx_intervals,0.0359687080003823,0.0361035000023548,0.9962665115026602
384,300,moment_quant_approx_intervals,0.0570447079999212,0.0567172089977248,1.0057742439725752
384,1000,moment_quant_approx_intervals,0.1361535410001124,0.1374387920004665,0.9906485572112004
384,3000,moment_quant_approx_intervals,0.4098142080001707,0.4053837499996007,1.0109290468613366
384,10000,moment_quant_approx_intervals,2.2335857079997368,2.203153416998248,1.0138130603010627
512,1,moment_quant_approx_intervals,0.0258962910002082,0.025583833001292,1.0122131034431165
512,3,moment_quant_approx_intervals,0.0271324159998584,0.0268357909990299,1.011053335481679
512,10,moment_quant_approx_intervals,0.027900750000299,0.027683333002642,1.007853714638922
512,30,moment_quant_approx_intervals,0.0301018750001276,0.0297050000008312,1.0133605453386736
512,100,moment_quant_approx_intervals,0.0413092499998128,0.0398625000016181,1.0362935088902097
512,300,moment_quant_approx_intervals,0.064987000000201,0.0638854169992555,1.0172431057460005
512,1000,moment_quant_approx_intervals,0.1603970830001344,0.1627986249986861,0.9852483889309808
512,3000,moment_quant_approx_intervals,0.491032708000148,0.4783561670010385,1.0265002144293083
512,10000,moment_quant_approx_intervals,2.527484749999985,2.4826617910002824,1.018054395956061
768,1,moment_quant_approx_intervals,0.0288265420003881,0.0287124999995285,1.0039718589764552
768,3,moment_quant_approx_intervals,0.0303754579999804,0.0300742500003252,1.0100154783461581
768,10,moment_quant_approx_intervals,0.0313311249992693,0.0310308329972031,1.0096772136955934
768,30,moment_quant_approx_intervals,0.0356482910001432,0.0348719590001564,1.0222623569838252
768,100,moment_quant_approx_intervals,0.0471779580002476,0.0471735409992106,1.000093633018498
768,300,moment_quant_approx_intervals,0.083082791000379,0.0852067910018377,0.9750724094114414
768,1000,moment_quant_approx_intervals,0.2166616250005972,0.224952000000485,0.9631460267084982
768,3000,moment_quant_approx_intervals,0.7568780000001425,0.7741638329971465,0.9776716086954326
768,10000,moment_quant_approx_intervals,3.904674041999897,3.9478810420005175,0.9890556479435545
1024,1,moment_quant_approx_intervals,0.0291628750001109,0.0287586659978842,1.0140552069507132
1024,3,moment_quant_approx_intervals,0.0307115830000839,0.0304417079969425,1.0088653042453632
1024,10,moment_quant_approx_intervals,0.0320306670000718,0.0317529999992984,1.008744591086812
1024,30,moment_quant_approx_intervals,0.0375357920001988,0.0363174580015766,1.0335467861921754
1024,100,moment_quant_approx_intervals,0.0514421669995499,0.0503669999998237,1.0213466555429143
1024,300,moment_quant_approx_intervals,0.0953886249999413,0.0969897499999206,0.9834918122793325
1024,1000,moment_quant_approx_intervals,0.2580398749996675,0.2602533330027654,0.9914949869131
1024,3000,moment_quant_approx_intervals,0.928902458000266,0.9349932090008224,0.9934857804934591
1024,10000,moment_quant_approx_intervals,4.496810374999768,4.570352624999941,0.9839088455455504
1536,1,moment_quant_approx_intervals,0.0293917500002862,0.0291619169984187,1.0078812720672636
1536,3,moment_quant_approx_intervals,0.0312617090003186,0.0310547079971001,1.0066656882826857
1536,10,moment_quant_approx_intervals,0.0330086670001037,0.0328626250011439,1.0044440150156817
1536,30,moment_quant_approx_intervals,0.0387732909994156,0.0396512919978704,0.9778569384699506
1536,100,moment_quant_approx_intervals,0.0612738329991771,0.0585092080000322,1.0472511095884836
1536,300,moment_quant_approx_intervals,0.1278081660002499,0.1269305829991935,1.00691388143283
1536,1000,moment_quant_approx_intervals,0.3927994590003436,0.4023237500005052,0.9763267990016755
1536,3000,moment_quant_approx_intervals,1.466219375000037,1.442113083001459,1.0167159512542565
1536,10000,moment_quant_approx_intervals,7.133463875000416,7.176684416997887,0.9939776449003243
2048,1,moment_quant_approx_intervals,0.0296668340015457,0.0294226670011994,1.00829860190228
2048,3,moment_quant_approx_intervals,0.0318727499998203,0.0313575000000128,1.0164314757173656
2048,10,moment_quant_approx_intervals,0.035001625001314,0.0344320840013097,1.0165409970532902
2048,30,moment_quant_approx_intervals,0.041335625001011,0.0416513749987643,0.9924192179066678
2048,100,moment_quant_approx_intervals,0.0679223329989326,0.07205362500099,0.9426636480537846
2048,300,moment_quant_approx_intervals,0.156398375000208,0.1544117079974967,1.0128660386474289
2048,1000,moment_quant_approx_intervals,0.5296756249990722,0.5638190409990784,0.9394425985693838
2048,3000,moment_quant_approx_intervals,1.8761764999999289,1.8684592499994324,1.0041302747172565
2048,10000,moment_quant_approx_intervals,8.699531707999995,8.836986583999533,0.9844455036009201
4096,1,moment_quant_approx_intervals,0.0303292499993403,0.0303427500002726,0.9995550831440071
4096,3,moment_quant_approx_intervals,0.0329837499994027,0.0329909579995728,0.9997815158877715
4096,10,moment_quant_approx_intervals,0.0374982089997502,0.0376835420029237,0.9950818581979601
4096,30,moment_quant_approx_intervals,0.0539334580007562,0.0501779160003934,1.074844519256905
4096,100,moment_quant_approx_intervals,0.1050628339999093,0.1088706660011666,0.9650242609775485
4096,300,moment_quant_approx_intervals,0.2988192920001893,0.3026173750004091,0.9874492236269823
4096,1000,moment_quant_approx_intervals,1.0733692909998354,1.1695480000016687,0.9177642054864819
4096,3000,moment_quant_approx_intervals,3.9689685409994127,3.7506521250033984,1.0582075886325546
4096,10000,moment_quant_approx_intervals,16.418786457999886,16.42003579199809,0.9999239140514656
8192,1,moment_quant_approx_intervals,0.0322256250001373,0.0323931660022935,0.9948278904833094
8192,3,moment_quant_approx_intervals,0.03760924999915,0.0368827919992327,1.0196963939154176
8192,10,moment_quant_approx_intervals,0.0454873340004269,0.0469208340000477,0.9694485396483076
8192,30,moment_quant_approx_intervals,0.0740060000007361,0.0768942909999168,0.9624381607318047
8192,100,moment_quant_approx_intervals,0.1832327079991955,0.1964922920014942,0.9325185539481728
8192,300,moment_quant_approx_intervals,0.610663833000217,0.6363682080009312,0.9596077008914993
8192,1000,moment_quant_approx_intervals,2.222575958001471,2.2091816659994947,1.0060630106650448
8192,3000,moment_quant_approx_intervals,7.906672375000198,7.935990957998001,0.9963056178928411
16,1,moment_quant_approx_samples,0.0034812500000498,0.0041337920010846,0.842144452148635
16,3,moment_quant_approx_samples,0.0035359169999082,0.0041698330023791,0.8479756858106263
16,10,moment_quant_approx_samples,0.0036304159999644,0.0042411249996803,0.8560030652805716
16,30,moment_quant_approx_samples,0.0037323330000162,0.004287291001674,0.870557421588338
16,100,moment_quant_approx_samples,0.0041034580000314,0.0045058329997118,0.9106990872262385
16,300,moment_quant_approx_samples,0.0052540419999331,0.0052245419974497,1.005646428432923
16,1000,moment_quant_approx_samples,0.0094069579999995,0.0077390830010699,1.2155132589609159
16,3000,moment_quant_approx_samples,0.021488708999982,0.0149972500003059,1.4328432879056956
16,10000,moment_quant_approx_samples,0.0683050000000093,0.0455365829984657,1.500002756076598
32,1,moment_quant_approx_samples,0.0077764590000697,0.0082904580012836,0.9380011332143147
32,3,moment_quant_approx_samples,0.0080215839999482,0.0085477499997068,0.9384439180162442
32,10,moment_quant_approx_samples,0.0081054580000454,0.0086419580002257,0.9379191613559927
32,30,moment_quant_approx_samples,0.0083046250000506,0.008871124999132,0.9361411321408694
32,100,moment_quant_approx_samples,0.0092730000000074,0.0094220410028356,0.9841816648024195
32,300,moment_quant_approx_samples,0.011805957999968,0.0111958339984994,1.0544956277085187
32,1000,moment_quant_approx_samples,0.0206169159999944,0.0170467919997463,1.20943084190276
32,3000,moment_quant_approx_samples,0.0488829170000144,0.0363123749993974,1.3461779076919538
32,10000,moment_quant_approx_samples,0.1537055840000221,0.1093175419991894,1.4060468355679077
64,1,moment_quant_approx_samples,0.0165587080000477,0.0170179590022598,0.9730137437661522
64,3,moment_quant_approx_samples,0.0170804580000094,0.0175908749988593,0.9709839903425498
64,10,moment_quant_approx_samples,0.0172309579998,0.0177530420005496,0.9705918568359476
64,30,moment_quant_approx_samples,0.0176430000001346,0.01801712499946,0.9792350333731595
64,100,moment_quant_approx_samples,0.0191730419999203,0.0191922079975483,0.9990013656776517
64,300,moment_quant_approx_samples,0.0242146250000132,0.0234118750013294,1.0342881549913545
64,1000,moment_quant_approx_samples,0.0445899169999393,0.037141499997233,1.2005416314166417
64,3000,moment_quant_approx_samples,0.0996592500000588,0.0738628750004863,1.349246830690014
64,10000,moment_quant_approx_samples,0.2969580829999358,0.206405665998318,1.4387109072982314
128,1,moment_quant_approx_samples,0.0174945419998948,0.0179124590031278,0.9766689206010173
128,3,moment_quant_approx_samples,0.0182016670000848,0.0185272919989074,0.9824245767356719
128,10,moment_quant_approx_samples,0.0184613329997773,0.0187624159989354,0.983952866242003
128,30,moment_quant_approx_samples,0.0191647090000515,0.0192250000000058,0.9968639271805314
128,100,moment_quant_approx_samples,0.0223026250000657,0.021106874999532,1.0566521572028174
128,300,moment_quant_approx_samples,0.0328358750002735,0.0273407500026223,1.2009866224271153
128,1000,moment_quant_approx_samples,0.0632888330001151,0.0452136669991887,1.3997721751091488
128,3000,moment_quant_approx_samples,0.1500395829998524,0.1007272919996467,1.4895623621091558
128,10000,moment_quant_approx_samples,0.5009551249995638,0.3617227909999201,1.384914463406522
192,1,moment_quant_approx_samples,0.0131181669999023,0.013527958002669,0.9697078448435565
192,3,moment_quant_approx_samples,0.0137561249998725,0.0141633749990432,0.9712462602170591
192,10,moment_quant_approx_samples,0.0140920829999231,0.0144055829987337,0.9782376042095514
192,30,moment_quant_approx_samples,0.0151029580001704,0.0149814579999656,1.0081100250860149
192,100,moment_quant_approx_samples,0.019021249999696,0.0175375420003547,1.0846018215843072
192,300,moment_quant_approx_samples,0.030461791000107,0.0255756250007834,1.19104776517383
192,1000,moment_quant_approx_samples,0.0727566670002488,0.0468236250017071,1.5538452436691141
192,3000,moment_quant_approx_samples,0.1901929590003419,0.115418707999197,1.647852088256482
192,10000,moment_quant_approx_samples,0.6913293329998851,0.4304597080008534,1.6060256515309312
256,1,moment_quant_approx_samples,0.0133168749998731,0.0137349579999863,0.9695606641015126
256,3,moment_quant_approx_samples,0.0140021669999441,0.0144324169996252,0.9701886385563642
256,10,moment_quant_approx_samples,0.0145575410001583,0.0147513749980134,0.9868599369291877
256,30,moment_quant_approx_samples,0.0158992080000643,0.0155296249977254,1.023798578677401
256,100,moment_quant_approx_samples,0.0210883749996355,0.0191090830012399,1.1035785965379485
256,300,moment_quant_approx_samples,0.0363113749999683,0.0282024160005676,1.2875271040338354
256,1000,moment_quant_approx_samples,0.0911871670000437,0.0571053749990824,1.5968228385070398
256,3000,moment_quant_approx_samples,0.2489856660004079,0.1455363330023829,1.7108144809195598
256,10000,moment_quant_approx_samples,0.905978249999862,0.5666602920027799,1.5988031326455066
384,1,moment_quant_approx_samples,0.0208759160000227,0.0215102080001088,0.9705120471134964
384,3,moment_quant_approx_samples,0.0218739590000041,0.0223940829964703,0.9767740435476557
384,10,moment_quant_approx_samples,0.0226414169997042,0.0228384160000132,0.9913742266403726
384,30,moment_quant_approx_samples,0.0247125420000884,0.0238454169993929,1.0363644301425963
384,100,moment_quant_approx_samples,0.0317204160000983,0.028668374998233,1.1064602022979473
384,300,moment_quant_approx_samples,0.0550904579999951,0.0391077499989478,1.408683905401802
384,1000,moment_quant_approx_samples,0.1348781249998865,0.0789730840006086,1.7078999346010988
384,3000,moment_quant_approx_samples,0.3635269169999446,0.2020482910011196,1.799208076439163
384,10000,moment_quant_approx_samples,1.4187723750001169,0.8490223750013683,1.671065942164163
512,1,moment_quant_approx_samples,0.021443041999646,0.0218710839981213,0.9804288622131364
512,3,moment_quant_approx_samples,0.0227337920000536,0.0229414999994332,0.9909461892472273
512,10,moment_quant_approx_samples,0.0237368749999404,0.0236463750006805,1.0038272250718046
512,30,moment_quant_approx_samples,0.0265266249998603,0.0248820839988184,1.066093378718599
512,100,moment_quant_approx_samples,0.0378460000001723,0.0308740830005262,1.2258177837873685
512,300,moment_quant_approx_samples,0.0668931670002166,0.0466036670004541,1.435362736575317
512,1000,moment_quant_approx_samples,0.1737199170001986,0.1002999580014147,1.7320038857618298
512,3000,moment_quant_approx_samples,0.4894946250001339,0.2696049170008336,1.8155997688967238
512,10000,moment_quant_approx_samples,1.8679445420002592,1.1620528750027006,1.6074522787923209
768,1,moment_quant_approx_samples,0.0244975409996186,0.0250070839974796,0.9796240538116179
768,3,moment_quant_approx_samples,0.0260999170004652,0.0262926670002343,0.9926690586478967
768,10,moment_quant_approx_samples,0.0274842919998263,0.0269591249998484,1.0194801203666979
768,30,moment_quant_approx_samples,0.0317964590003612,0.0291371670027729,1.0912680356788025
768,100,moment_quant_approx_samples,0.0468380410002282,0.0388909590001276,1.20434265969308
768,300,moment_quant_approx_samples,0.0910278330002256,0.0597447500003909,1.5236122504425915
768,1000,moment_quant_approx_samples,0.2475538750004489,0.133971625000413,1.8478082579030128
768,3000,moment_quant_approx_samples,0.7271181249998335,0.3932155830007104,1.8491589764857306
768,10000,moment_quant_approx_samples,2.7931183749997217,1.6461190420013736,1.6967900277757622
1024,1,moment_quant_approx_samples,0.0247673339999892,0.0250267079973127,0.9896361120547157
1024,3,moment_quant_approx_samples,0.0265943750000587,0.0266108329997223,0.9993815300834901
1024,10,moment_quant_approx_samples,0.0284279590005098,0.0274667499979841,1.03499536722023
1024,30,moment_quant_approx_samples,0.0343280420001974,0.0301624999992782,1.1381033402741445
1024,100,moment_quant_approx_samples,0.0549541669997779,0.0422780420012713,1.2998276267885214
1024,300,moment_quant_approx_samples,0.1130316659991876,0.0691660830016189,1.634206551736376
1024,1000,moment_quant_approx_samples,0.3205643749997762,0.166126666998025,1.9296382741705593
1024,3000,moment_quant_approx_samples,0.9617115410001134,0.4943842909997329,1.9452712363804312
1024,10000,moment_quant_approx_samples,3.6715997499995865,2.0843578339990927,1.7615016433887354
1536,1,moment_quant_approx_samples,0.0250820000001112,0.0255487079994054,0.9817326183654742
1536,3,moment_quant_approx_samples,0.027221625000493,0.0271961670005111,1.000936087794336
1536,10,moment_quant_approx_samples,0.030091583000285,0.028390292001859,1.059925096871656
1536,30,moment_quant_approx_samples,0.0384205840000504,0.0326999580029223,1.1749429157253615
1536,100,moment_quant_approx_samples,0.069314375000431,0.0443376250004803,1.5633308053753472
1536,300,moment_quant_approx_samples,0.1570794999997815,0.0865697919980448,1.814483971537429
1536,1000,moment_quant_approx_samples,0.4612879160004013,0.2232611250001355,2.0661363056381683
1536,3000,moment_quant_approx_samples,1.4330314170001657,0.7144546669987903,2.005769551509686
1536,10000,moment_quant_approx_samples,5.531780041999809,3.0649275000032503,1.8048648922344632
2048,1,moment_quant_approx_samples,0.0254294580008718,0.0257759170017379,0.9865588098827778
2048,3,moment_quant_approx_samples,0.0280057910003961,0.0276074579996929,1.0144284562782864
2048,10,moment_quant_approx_samples,0.0317892500006564,0.0293174160033231,1.0843128192830198
2048,30,moment_quant_approx_samples,0.0430068330006179,0.0337591250026889,1.2739320997565082
2048,100,moment_quant_approx_samples,0.082359208001435,0.058752666998771,1.4017952240901304
2048,300,moment_quant_approx_samples,0.200108041999556,0.1009782500004803,1.9816944936023768
2048,1000,moment_quant_approx_samples,0.621989917000974,0.3019192499996279,2.060120104967605
2048,3000,moment_quant_approx_samples,1.914231875000041,0.9493572499995936,2.0163451377243504
2048,10000,moment_quant_approx_samples,7.311453166999854,3.988180208998529,1.8332805399573033
4096,1,moment_quant_approx_samples,0.0263959580006485,0.0268972499980009,0.9813627044627367
4096,3,moment_quant_approx_samples,0.0299915840005269,0.0292430419976881,1.0255972686732788
4096,10,moment_quant_approx_samples,0.0376528749984572,0.0324525409996567,1.1602442779089475
4096,30,moment_quant_approx_samples,0.0605534579990489,0.0427672500009066,1.4158838362944837
4096,100,moment_quant_approx_samples,0.1401095000001078,0.0815269170016108,1.7185673781499615
4096,300,moment_quant_approx_samples,0.3924710829996911,0.1816300419995968,2.1608269132072455
4096,1000,moment_quant_approx_samples,1.2252307919989107,0.5758031670011405,2.127863933746797
4096,3000,moment_quant_approx_samples,3.8185333750006976,1.9018212920018416,2.0078297530160367
4096,10000,moment_quant_approx_samples,14.27334399999927,7.705779583000549,1.8522907184481627
8192,1,moment_quant_approx_samples,0.0288252919999649,0.0298549170001933,0.9655123810854429
8192,3,moment_quant_approx_samples,0.0354392919998645,0.0335781249996216,1.0554279609199106
8192,10,moment_quant_approx_samples,0.0507024579983408,0.0423753329996543,1.1965087802083922
8192,30,moment_quant_approx_samples,0.0957762080015527,0.0632322080018639,1.5146744203322697
8192,100,moment_quant_approx_samples,0.2568813750003755,0.1563534170018101,1.6429533804010281
8192,300,moment_quant_approx_samples,0.7677884170007019,0.3659641659978661,2.0979879680492513
8192,1000,moment_quant_approx_samples,2.4657094160011184,1.1787398750020657,2.0918181087212284
8192,3000,moment_quant_approx_samples,7.956391750001785,3.977971208998497,2.000112955067089
16,1,moment_quant_exact_intervals,0.0010872090000475,0.0011044169987144,0.9844189299087835
16,3,moment_quant_exact_intervals,0.0011036250000415,0.0010987920031766,1.004398463813832
16,10,moment_quant_exact_intervals,0.0011205409999774,0.0011137500005133,1.0060974181467746
16,30,moment_quant_exact_intervals,0.0011600000000271,0.0011567499968805,1.0028095985782275
16,100,moment_quant_exact_intervals,0.0013078329999416,0.0013306250002642,0.9828712069004608
16,300,moment_quant_exact_intervals,0.0017515419999654,0.0017805000024964,0.983736027806572
16,1000,moment_quant_exact_intervals,0.0032071660000383,0.0032527920011489,0.9859732804635265
16,3000,moment_quant_exact_intervals,0.007593541999995,0.0076511670013132,0.9924684690180845
16,10000,moment_quant_exact_intervals,0.0247510839999449,0.0238424999988637,1.0381077488151202
32,1,moment_quant_exact_intervals,0.0023902499999621,0.0024227089998021,0.9866021879463645
32,3,moment_quant_exact_intervals,0.002436125000031,0.0024421250018349,0.9975431225676851
32,10,moment_quant_exact_intervals,0.0024768749999566,0.0024772500000835,0.9998486224132054
32,30,moment_quant_exact_intervals,0.0025981659999843,0.0026389589984319,0.9845420112734455
32,100,moment_quant_exact_intervals,0.0030100840000386,0.0030078750023676,1.0007344047439675
32,300,moment_quant_exact_intervals,0.0042183339999155,0.0041912080014299,1.006472119369009
32,1000,moment_quant_exact_intervals,0.0083205419999785,0.0083325419982429,0.9985598634526017
32,3000,moment_quant_exact_intervals,0.0210758330000544,0.0207229589977941,1.0170281667930656
32,10000,moment_quant_exact_intervals,0.069020749999936,0.0680118330019468,1.0148344332663453
64,1,moment_quant_exact_intervals,0.0050442919998658,0.0051192079990869,0.9853657051570355
64,3,moment_quant_exact_intervals,0.0051495000000159,0.0052362909991643,0.9834251001019134
64,10,moment_quant_exact_intervals,0.0052598749998651,0.0053109580003365,0.9903815845525114
64,30,moment_quant_exact_intervals,0.0055845829999725,0.0056591249995108,0.9868279991085647
64,100,moment_quant_exact_intervals,0.0066902920000302,0.0067135829995095,0.9965307646481765
64,300,moment_quant_exact_intervals,0.0100230000000465,0.0099512920023698,1.0072058982551837
64,1000,moment_quant_exact_intervals,0.0212329999999383,0.0213088329983293,0.9964412411324006
64,3000,moment_quant_exact_intervals,0.054410000000189,0.0551868750007997,0.9859228303722681
64,10000,moment_quant_exact_intervals,0.1901200419999895,0.1926132080006937,0.987056100531303
128,1,moment_quant_exact_intervals,0.0064023340000858,0.0064184160000877,0.9974943973713015
128,3,moment_quant_exact_intervals,0.0065605839999989,0.0065503750010975,1.0015585365570199
128,10,moment_quant_exact_intervals,0.0067822080000041,0.0068765420001,0.9862817677701192
128,30,moment_quant_exact_intervals,0.0075188340001659,0.007545458000095,0.9964715196971787
128,100,moment_quant_exact_intervals,0.0100774160000582,0.0101311250000435,0.994698614419912
128,300,moment_quant_exact_intervals,0.0182509579999532,0.0176815000013448,1.032206430368752
128,1000,moment_quant_exact_intervals,0.0444627920001039,0.044050624997908,1.009356666385902
128,3000,moment_quant_exact_intervals,0.1286379170001055,0.1283824579986685,1.0019898279361472
128,10000,moment_quant_exact_intervals,0.473552834000202,0.4642286669986788,1.0200852891352135
192,1,moment_quant_exact_intervals,0.0075427080000736,0.0075824590021511,0.9947575051752706
192,3,moment_quant_exact_intervals,0.0076907500001652,0.0077018750016577,0.998555546345519
192,10,moment_quant_exact_intervals,0.0081438749998596,0.0082412080009817,0.9881894740297168
192,30,moment_quant_exact_intervals,0.0095490419998895,0.0096627909988455,0.9882281424725433
192,100,moment_quant_exact_intervals,0.0145303750000493,0.0143415839993394,1.0131638876653093
192,300,moment_quant_exact_intervals,0.0282881250000173,0.0277927089991862,1.017825394453114
192,1000,moment_quant_exact_intervals,0.0797767499998372,0.0767076250012905,1.04001068992157
192,3000,moment_quant_exact_intervals,0.2350610829998913,0.2339499580011761,1.004749413114704
192,10000,moment_quant_exact_intervals,0.9141595000000962,0.9166223329993954,0.9973131431445268
256,1,moment_quant_exact_intervals,0.0075665839999601,0.0075998330030415,0.9956250350411524
256,3,moment_quant_exact_intervals,0.0078096669999467,0.007938999999169,0.9837091574208543
256,10,moment_quant_exact_intervals,0.0084791670001322,0.0085167500001261,0.9955871664668632
256,30,moment_quant_exact_intervals,0.0102984999998625,0.0103587909979978,0.9941797263650792
256,100,moment_quant_exact_intervals,0.0164329579997684,0.0166073340005823,0.9895000605872211
256,300,moment_quant_exact_intervals,0.0339869580002414,0.0345469160020002,0.9837913751338504
256,1000,moment_quant_exact_intervals,0.1029577499998595,0.1009024589984619,1.020369087352261
256,3000,moment_quant_exact_intervals,0.3001694590002444,0.3116672500000277,0.9631087610270817
256,10000,moment_quant_exact_intervals,1.1752602909996313,1.1714932920003776,1.0032155531960592
384,1,moment_quant_exact_intervals,0.0079578330000913,0.0079747079980734,0.9978839353132207
384,3,moment_quant_exact_intervals,0.0084289169999465,0.0084613330000138,0.9961689251484079
384,10,moment_quant_exact_intervals,0.0094793329999447,0.0095614589990873,0.9914107251675252
384,30,moment_quant_exact_intervals,0.0130369999997128,0.0127065000015136,1.0260103095391988
384,100,moment_quant_exact_intervals,0.023807958999896,0.0236025000012887,1.0087049676346185
384,300,moment_quant_exact_intervals,0.055432957999983,0.0555884160021378,0.9972034101106817
384,1000,moment_quant_exact_intervals,0.1800797500000044,0.1773420419995091,1.0154374448925252
384,3000,moment_quant_exact_intervals,0.5856150839999827,0.5822102919992176,1.0058480450235148
384,10000,moment_quant_exact_intervals,2.15792245800003,2.145371916998556,1.0058500537375508
512,1,moment_quant_exact_intervals,0.0080263330000889,0.0081677910020516,0.9826809963762332
512,3,moment_quant_exact_intervals,0.0088001670001176,0.0088698750005278,0.9921410391458672
512,10,moment_quant_exact_intervals,0.0103417499999522,0.0104277499995077,0.9917527750895868
512,30,moment_quant_exact_intervals,0.0146933750002062,0.014828542000032,0.9908846736364567
512,100,moment_quant_exact_intervals,0.029857125000035,0.030950832999224,0.9646630512588653
512,300,moment_quant_exact_intervals,0.0728611250001449,0.0762205839964735,0.9559245177590868
512,1000,moment_quant_exact_intervals,0.2385761249997813,0.241732583999692,0.9869423519672685
512,3000,moment_quant_exact_intervals,0.7802893329999279,0.7832439580015489,0.9962277078917279
512,10000,moment_quant_exact_intervals,2.797199874999933,2.7967545829997107,1.000159217402531
768,1,moment_quant_exact_intervals,0.0082264590000704,0.0083022079998045,0.9908760416824195
768,3,moment_quant_exact_intervals,0.0094347090007431,0.0095034580008359,0.9927658963624868
768,10,moment_quant_exact_intervals,0.0119499170004928,0.0121182080001744,0.9861125506610235
768,30,moment_quant_exact_intervals,0.0202206670001032,0.0197260829991137,1.0250725904890354
768,100,moment_quant_exact_intervals,0.0463721249998343,0.0466027920010674,0.9950503609048184
768,300,moment_quant_exact_intervals,0.1237244579997423,0.1272228339985304,0.9725019802747947
768,1000,moment_quant_exact_intervals,0.4213658749995375,0.4234469999973953,0.9950852763206006
768,3000,moment_quant_exact_intervals,1.3744615409996186,1.3989216670015594,0.982515013828924
768,10000,moment_quant_exact_intervals,4.968458250000367,5.0098418749985285,0.9917395346937624
1024,1,moment_quant_exact_intervals,0.0084508330000971,0.0084921249981562,0.9951376130158158
1024,3,moment_quant_exact_intervals,0.0100417920002655,0.01004599999942,0.9995811269007822
1024,10,moment_quant_exact_intervals,0.0137274159997105,0.0138445409975247,0.9915399869280505
1024,30,moment_quant_exact_intervals,0.0249815829993167,0.0250912089977646,0.9956309001109646
1024,100,moment_quant_exact_intervals,0.0629827089996979,0.0629439589974936,1.000615627024761
1024,300,moment_quant_exact_intervals,0.1745812079998359,0.1763790420009172,0.9898069862457244
1024,1000,moment_quant_exact_intervals,0.588736166999297,0.5824133339992841,1.0108562641528065
1024,3000,moment_quant_exact_intervals,1.8942426670000712,1.9247742920015296,0.9841375556976557
1024,10000,moment_quant_exact_intervals,6.681893291999586,6.737228082998627,0.9917867125296413
1536,1,moment_quant_exact_intervals,0.0088417920005667,0.0088657090018386,0.9973023024704579
1536,3,moment_quant_exact_intervals,0.0111807499997667,0.0113510829978622,0.9849941192283082
1536,10,moment_quant_exact_intervals,0.0173318749993995,0.0172577500015904,1.0042951716070907
1536,30,moment_quant_exact_intervals,0.0359165420004501,0.0358479579990671,1.001913191300458
1536,100,moment_quant_exact_intervals,0.0987513339996439,0.0968105830033891,1.020046888842585
1536,300,moment_quant_exact_intervals,0.2834692090000317,0.2883229160033806,0.9831657258790626
1536,1000,moment_quant_exact_intervals,0.9968873750003696,1.010227582999505,0.9867948487809781
1536,3000,moment_quant_exact_intervals,3.163556499999686,3.2067692919990805,0.9865245086052149
1536,10000,moment_quant_exact_intervals,11.022191874999407,11.071145750000142,0.9955782467229525
2048,1,moment_quant_exact_intervals,0.0092055410004832,0.0092802079998364,0.9919541674761475
2048,3,moment_quant_exact_intervals,0.012412582998877,0.0124877910020586,0.9939774774282176
2048,10,moment_quant_exact_intervals,0.0217176249989279,0.0213902499999676,1.015304870160975
2048,30,moment_quant_exact_intervals,0.046147082999596,0.0468395839998265,0.9852154750086366
2048,100,moment_quant_exact_intervals,0.1343147090010461,0.1393404999980703,0.9639315848795305
2048,300,moment_quant_exact_intervals,0.4040489160015568,0.4055437500028347,0.9963140006441538
2048,1000,moment_quant_exact_intervals,1.425940499999342,1.4445602080013489,0.9871104659405172
2048,3000,moment_quant_exact_intervals,4.426026499999352,4.439754499999253,0.9969079371393389
2048,10000,moment_quant_exact_intervals,15.401982334000422,15.443442749998212,0.9973153385116933
4096,1,moment_quant_exact_intervals,0.0108486249991983,0.0108924999985902,0.9959719991372432
4096,3,moment_quant_exact_intervals,0.0174965419992076,0.017580125000677,0.9952455968620143
4096,10,moment_quant_exact_intervals,0.0366082500004267,0.0367792499964707,0.9953506393942126
4096,30,moment_quant_exact_intervals,0.0937809580009343,0.0918965000018943,1.0205063087168844
4096,100,moment_quant_exact_intervals,0.2941056250001566,0.2952913330009323,0.9959846163152646
4096,300,moment_quant_exact_intervals,0.9162476660003448,0.9292257499982952,0.9860334434361357
4096,1000,moment_quant_exact_intervals,3.161145124999166,3.189414249998663,0.9911365778216145
4096,3000,moment_quant_exact_intervals,9.80394250000063,9.849751457997629,0.9953492270142712
4096,10000,moment_quant_exact_intervals,33.78823029200066,33.833697916001256,0.9986561438210663
8192,1,moment_quant_exact_intervals,0.0144586250007705,0.0145715830003609,0.9922480625757955
8192,3,moment_quant_exact_intervals,0.0294625830010772,0.0288808329969469,1.0201431172082813
8192,10,moment_quant_exact_intervals,0.0710666660015704,0.0731161250005243,0.9719698083160286
8192,30,moment_quant_exact_intervals,0.1957966670015594,0.1966950829992129,0.9954324430282933
8192,100,moment_quant_exact_intervals,0.6452955419990758,0.6625755419991037,0.9739199549263602
8192,300,moment_quant_exact_intervals,2.017098416999943,2.0433557910000673,0.987149876631483
8192,1000,moment_quant_exact_intervals,6.908009875000062,6.947443375000148,0.9943240271461607
8192,3000,moment_quant_exact_intervals,21.29865166700256,21.30282016700221,0.9998043216829052
16,1,moment_quant_exact_samples,8.97090000080425e-05,0.0006544590032717,0.1370735211213828
16,3,moment_quant_exact_samples,0.0001507079999782,0.0006549159988935,0.2301180612976712
16,10,moment_quant_exact_samples,0.0003234580000253,0.0007873329996073,0.4108274391987024
16,30,moment_quant_exact_samples,0.000847791999945,0.0009393750005983,0.9025064531257808
16,100,moment_quant_exact_samples,0.0028755419999697,0.0014504579994536,1.9825062160041458
16,300,moment_quant_exact_samples,0.0083075830000325,0.0026522500011196,3.1322774989256676
16,1000,moment_quant_exact_samples,0.0264803329999949,0.007367250000243,3.59433072029882
16,3000,moment_quant_exact_samples,0.0794945000000098,0.0204765840026084,3.8822149236358676
16,10000,moment_quant_exact_samples,0.2667880000000195,0.0673796670016599,3.9594734119633923
32,1,moment_quant_exact_samples,0.0001230829999485,0.0006521670002257,0.18872926705261658
32,3,moment_quant_exact_samples,0.0002578329999778,0.0007290419998753,0.35366000864408553
32,10,moment_quant_exact_samples,0.0007163330000139,0.0008817499983706,0.8123992076411946
32,30,moment_quant_exact_samples,0.001931208999963,0.0012592909988597,1.5335684934711105
32,100,moment_quant_exact_samples,0.006705624999995,0.0022900000003573,2.9282205235584047
32,300,moment_quant_exact_samples,0.0186360420000255,0.0052662079979199,3.538797177663046
32,1000,moment_quant_exact_samples,0.0622652499999958,0.0163596250022237,3.806031616955299
32,3000,moment_quant_exact_samples,0.1882590829999344,0.0467074159969342,4.030603684269141
32,10000,moment_quant_exact_samples,0.6458472499998607,0.1546930000004067,4.175025696044182
64,1,moment_quant_exact_samples,0.0001901250000173,0.0007472500001313,0.2544329206877122
64,3,moment_quant_exact_samples,0.0004619169999386,0.0008184590005839,0.5643740243665987
64,10,moment_quant_exact_samples,0.0014800830001604,0.0010911669996858,1.3564220697533813
64,30,moment_quant_exact_samples,0.0041833749999113,0.0017263330009882,2.423272333620815
64,100,moment_quant_exact_samples,0.0141666659999373,0.0041956669992941,3.37649913644738
64,300,moment_quant_exact_samples,0.04189324999993,0.0116627089992107,3.5920685325137773
64,1000,moment_quant_exact_samples,0.1405964169998697,0.0353766250009357,3.9742744537148744
64,3000,moment_quant_exact_samples,0.4251420420000613,0.1047647499981394,4.058063824021073
64,10000,moment_quant_exact_samples,1.4186717499999304,0.3237806249999266,4.381583209311095
128,1,moment_quant_exact_samples,0.0002742910000961,0.0008584999995946,0.3195002914684047
128,3,moment_quant_exact_samples,0.0006613330001528,0.0008769579981162,0.7541216358975167
128,10,moment_quant_exact_samples,0.0021077500000501,0.0012496250019466,1.6867060092161712
128,30,moment_quant_exact_samples,0.0063587909999114,0.0022164580004755,2.868897582786247
128,100,moment_quant_exact_samples,0.0202603329998964,0.0055608750008104,3.643371411323544
128,300,moment_quant_exact_samples,0.0627717499996833,0.016088459000457,3.901663297765202
128,1000,moment_quant_exact_samples,0.208647708999706,0.0513832500000717,4.06061720501165
128,3000,moment_quant_exact_samples,0.6190804169996227,0.1414782080028089,4.3758005260239905
128,10000,moment_quant_exact_samples,2.053383124999982,0.4634667079990322,4.430486784833464
192,1,moment_quant_exact_samples,0.0003257079997638,0.0009208749979734,0.3536940415155112
192,3,moment_quant_exact_samples,0.0008689579999554,0.001005541998893,0.8641687775468702
192,10,moment_quant_exact_samples,0.0027031670001633,0.0013421250005194,2.014094811673413
192,30,moment_quant_exact_samples,0.0079124579997369,0.0026167500000155,3.02377300074139
192,100,moment_quant_exact_samples,0.0263372089998483,0.006816750003054,3.86360200800218
192,300,moment_quant_exact_samples,0.078947916999823,0.0193961250006395,4.070293267197445
192,1000,moment_quant_exact_samples,0.2612595420000616,0.062272084000142,4.195452042354417
192,3000,moment_quant_exact_samples,0.7944187909997709,0.1790647919988259,4.436487944570252
192,10000,moment_quant_exact_samples,2.6868536659999336,0.5806221659986477,4.627542356015033
256,1,moment_quant_exact_samples,0.0003884160000779,0.0009891250010696,0.39268646496437015
256,3,moment_quant_exact_samples,0.0010410830000182,0.000991167002212,1.0503608349499145
256,10,moment_quant_exact_samples,0.0032241250000879,0.0013547079979616,2.3799409208029862
256,30,moment_quant_exact_samples,0.0099151250001341,0.0030728340025234,3.2267037503463696
256,100,moment_quant_exact_samples,0.0313442910000958,0.008962750001956,3.49717341142566
256,300,moment_quant_exact_samples,0.0948135419998834,0.0244916670017119,3.8712571909970928
256,1000,moment_quant_exact_samples,0.3197112910002033,0.0761816249978437,4.196698232798954
256,3000,moment_quant_exact_samples,0.9652397919999204,0.2170490409989725,4.44710461542417
256,10000,moment_quant_exact_samples,3.2972264999998515,0.7204381660012587,4.576696038052614
384,1,moment_quant_exact_samples,0.0005091250000077,0.0010598750013741,0.4803632497677866
384,3,moment_quant_exact_samples,0.0013922919997639,0.0011506249975354,1.2100310724572667
384,10,moment_quant_exact_samples,0.0045849580001231,0.0016846250000526,2.7216490316717024
384,30,moment_quant_exact_samples,0.0134102090000851,0.0038347500012605,3.4970230121069434
384,100,moment_quant_exact_samples,0.0448853749999216,0.0115487910006777,3.8865864831468215
384,300,moment_quant_exact_samples,0.1329013330000634,0.0319743330001074,4.156500559358564
384,1000,moment_quant_exact_samples,0.4458646670000235,0.0997437499972875,4.470101304714818
384,3000,moment_quant_exact_samples,1.3576232089999394,0.2912999580003088,4.660567815799343
384,10000,moment_quant_exact_samples,4.6031177079999,0.9715507079999952,4.737907831363469
512,1,moment_quant_exact_samples,0.0006490840000878,0.0011980000017501,0.5418063431883011
512,3,moment_quant_exact_samples,0.0017919580000125,0.0013325420004548,1.3447666185387779
512,10,moment_quant_exact_samples,0.0058848339999713,0.0020428749994607,2.880662792155585
512,30,moment_quant_exact_samples,0.0174703329998919,0.0048422079998999,3.6079270036010542
512,100,moment_quant_exact_samples,0.0587630420000095,0.0145646249984565,4.034641606374141
512,300,moment_quant_exact_samples,0.1767022920003,0.041320333002659,4.276400482758187
512,1000,moment_quant_exact_samples,0.5907304160000422,0.1257748339994577,4.696729840268278
512,3000,moment_quant_exact_samples,1.7977261250002812,0.3610404579994792,4.9792927223764885
512,10000,moment_quant_exact_samples,5.917101916999854,1.2183416250009032,4.856685346357979
768,1,moment_quant_exact_samples,0.0009397919993716,0.0014973750003264,0.6276263455492063
768,3,moment_quant_exact_samples,0.0026789160001499,0.0016321249968314,1.6413669328946836
768,10,moment_quant_exact_samples,0.0088079999995898,0.0028424590018403,3.09872543241159
768,30,moment_quant_exact_samples,0.0268861659997128,0.0068877920020895,3.9034520774664125
768,100,moment_quant_exact_samples,0.0884557910003422,0.0216875840014836,4.078637389683015
768,300,moment_quant_exact_samples,0.2658167079998748,0.0599299169989535,4.435459304983127
768,1000,moment_quant_exact_samples,0.8904515000003812,0.1807731660010176,4.925794683461863
768,3000,moment_quant_exact_samples,2.7105196250004155,0.5361269589993753,5.055742076577003
768,10000,moment_quant_exact_samples,9.033939750000172,1.798873250001634,5.021999048566633
1024,1,moment_quant_exact_samples,0.0012519169995357,0.0018248340020363,0.6860443186277261
1024,3,moment_quant_exact_samples,0.0036266670003897,0.0020311250009399,1.7855459406543002
1024,10,moment_quant_exact_samples,0.011990957999842,0.0034142500007874,3.512032802834188
1024,30,moment_quant_exact_samples,0.0362931250001565,0.008922832999815,4.067444162734972
1024,100,moment_quant_exact_samples,0.1208187499996711,0.0276818750025995,4.3645435863114574
1024,300,moment_quant_exact_samples,0.3611793340005533,0.0767415829977835,4.706435805617733
1024,1000,moment_quant_exact_samples,1.2088314579996222,0.2388489160002791,5.06107156876613
1024,3000,moment_quant_exact_samples,3.662050249999993,0.7008709590008948,5.224999271221505
1024,10000,moment_quant_exact_samples,12.258287209000628,2.3618926250019285,5.190027302359106
1536,1,moment_quant_exact_samples,0.0019332080000822,0.0024755839986028,0.780909878708736
1536,3,moment_quant_exact_samples,0.005675374999555,0.002790124999592,2.0340934547322824
1536,10,moment_quant_exact_samples,0.0186687909999818,0.0049300830032734,3.7867092678939454
1536,30,moment_quant_exact_samples,0.0561900419997982,0.0137196659998153,4.095583813815486
1536,100,moment_quant_exact_samples,0.1882647080001334,0.0405314999989059,4.6448986098519764
1536,300,moment_quant_exact_samples,0.5622675829999935,0.1108930410009634,5.070359491675485
1536,1000,moment_quant_exact_samples,1.869920624999395,0.3590387500007637,5.2081303898128475
1536,3000,moment_quant_exact_samples,5.664887500000077,1.0688624169997638,5.299922057228932
1536,10000,moment_quant_exact_samples,19.01841845799936,3.608230041998467,5.270844219085807
2048,1,moment_quant_exact_samples,0.0026235830009682,0.0032821659988258,0.7993450062875525
2048,3,moment_quant_exact_samples,0.0077882499990664,0.0035294590015837,2.206641299862597
2048,10,moment_quant_exact_samples,0.0257406249984342,0.0069310409999161,3.7138180251344335
2048,30,moment_quant_exact_samples,0.0773433750000549,0.0172000829988974,4.496686150003634
2048,100,moment_quant_exact_samples,0.2579409160007344,0.0553177920010057,4.662892474017128
2048,300,moment_quant_exact_samples,0.7766300000002957,0.1521785000004456,5.1034147399141245
2048,1000,moment_quant_exact_samples,2.5986978329983685,0.4831104170007165,5.379097079155953
2048,3000,moment_quant_exact_samples,7.796897542000806,1.4558908330000122,5.35541358271657
2048,10000,moment_quant_exact_samples,26.072505042000557,4.8771589579992,5.345838687344427
4096,1,moment_quant_exact_samples,0.0056378330009465,0.0063576249995094,0.8867828790439127
4096,3,moment_quant_exact_samples,0.0167335419992014,0.0074770409992197,2.237989868043749
4096,10,moment_quant_exact_samples,0.0562675000001036,0.013784000002488,4.0820879273032045
4096,30,moment_quant_exact_samples,0.1696031250012311,0.0367012919996341,4.621175870400474
4096,100,moment_quant_exact_samples,0.5673674589997972,0.110149125001044,5.150903005306849
4096,300,moment_quant_exact_samples,1.7080009589990368,0.3092199579987209,5.5235792995163076
4096,1000,moment_quant_exact_samples,5.715528332999384,1.0441352909983834,5.4739346349784785
4096,3000,moment_quant_exact_samples,17.183061374998942,3.13258504100304,5.485265731045247
4096,10000,moment_quant_exact_samples,57.40032683299978,10.56486437499916,5.43313428318424
8192,1,moment_quant_exact_samples,0.012370207999993,0.0140877090016147,0.8780851449000796
8192,3,moment_quant_exact_samples,0.0376333330004854,0.016844416000822,2.234172618311547
8192,10,moment_quant_exact_samples,0.1242378749993804,0.0322972909998497,3.8466964613211228
8192,30,moment_quant_exact_samples,0.3741015420000622,0.075208541999018,4.974189527633003
8192,100,moment_quant_exact_samples,1.2485905829998956,0.2325899169991316,5.368205978613241
8192,300,moment_quant_exact_samples,3.7390282500000462,0.681376625001576,5.487461871753228
8192,1000,moment_quant_exact_samples,12.500260041999354,2.282117292001203,5.477483600782761
8192,3000,moment_quant_exact_samples,37.58903291699971,6.975390166997386,5.388807223263932
